ssc_percentage,hsc_percentage,cgpa,coding_rating,aptitude_score,soft_skills_score,internships,projects_completed,workshops_attended,backlogs,gender_encoded,placement_status
0.7958981305199425,0.07633511048929839,0.6505056111852648,1.6946362934609238,-0.7373068324994979,-1.7218387893247955,-1.020030653242631,0.05903176270486304,-1.350952181628052,-0.524844185802529,-1.119040773275156,1
0.4560229475684758,1.360456193428518,0.4229732251407215,0.09225249439775932,-1.4085692624272614,-0.8763792266653144,-1.020030653242631,0.9145645555289657,0.5111459322631292,-0.524844185802529,0.8936224880110957,1
-0.24204404496058393,0.33521541614735145,1.29518070497814,1.6538977222983011,-1.0110254932467415,-0.9971591641880975,0.017640408041835955,0.05903176270486304,2.3732440461543107,-0.524844185802529,-1.119040773275156,1
-1.4987681495865153,-1.438628699877858,-2.4401426325864577,-1.985414634896005,-0.2094208439155284,0.3314201485625154,-1.020030653242631,-1.6520338229433422,-0.41990312468246144,-0.524844185802529,-1.119040773275156,0
-0.6562033247846756,0.6894234877877902,0.22388238735174557,0.7576491567205988,1.3351344560153449,-0.3932594765741826,0.017640408041835955,-0.7965010301192396,0.5111459322631292,-0.524844185802529,-1.119040773275156,1
-0.8373344103097087,-1.0629251515943314,-1.482610507982335,-2.2773743948948018,-0.43751972787156457,-0.6348193516197488,-1.020030653242631,-0.7965010301192396,-0.41990312468246144,-0.524844185802529,-1.119040773275156,0
-0.5971830834338223,1.325876513611377,-0.9042990267857854,0.5879051102096704,-1.0957479358589834,0.3314201485625154,-1.020030653242631,0.05903176270486304,-0.41990312468246144,-0.524844185802529,-1.119040773275156,1
0.6656465634008175,2.5642028854414094,1.3141417371485185,0.7372798711392874,0.8593853551927554,0.2106402110397323,0.017640408041835955,0.9145645555289657,-0.41990312468246144,-0.524844185802529,0.8936224880110957,1
-2.6740850247629933,-0.5507720559242496,-1.4162468953860095,-0.8990527372260628,-0.8024779422012226,-1.3594989767564467,0.017640408041835955,-0.7965010301192396,0.5111459322631292,-0.524844185802529,-1.119040773275156,0
1.9813909093776014,-0.6535765094346675,0.5462199342481827,1.2736710581138213,1.0809671281786195,1.9015593363586938,1.055311469326303,-0.7965010301192396,0.5111459322631292,-0.524844185802529,0.8936224880110957,1
-1.7236556209406293,-0.49002396975900353,-1.0465067680636257,-0.6003032153668287,-0.48965661563294455,0.2106402110397323,2.09298253061077,0.9145645555289657,0.5111459322631292,-0.524844185802529,-1.119040773275156,1
0.3970027062176225,-0.19469481240180228,-0.16481877214101726,-0.06391202839229486,0.012160929070335237,-1.6010588518020124,-1.020030653242631,0.05903176270486304,-0.41990312468246144,-0.524844185802529,-1.119040773275156,1
0.2911733079333329,1.190361552165826,0.7073887076964014,-0.13180964699666622,-1.0110254932467415,1.9015593363586938,0.017640408041835955,0.05903176270486304,-0.41990312468246144,-0.524844185802529,0.8936224880110957,1
-0.6358515174223135,-0.44422925864981655,-0.43027322252631883,0.06509344695601077,-0.6721357227977733,-0.3932594765741826,1.055311469326303,0.9145645555289657,-1.350952181628052,-0.524844185802529,0.8936224880110957,1
1.5957241598608185,1.7258792963610028,0.8780379972298099,0.11262177997907073,0.6378035822068913,-1.6010588518020124,-1.020030653242631,-1.6520338229433422,-0.41990312468246144,-0.524844185802529,0.8936224880110957,1
-1.3674989920992724,-2.389102601878721,-1.1887145093414653,-0.19291750374060046,-1.486774594069331,1.6599994613131277,-1.020030653242631,-0.7965010301192396,-0.41990312468246144,-0.524844185802529,-1.119040773275156,0
0.9658357219956759,-0.5685291888033216,0.8116743846334843,-0.31513321722846893,2.1953931040781103,1.297659648744779,1.055311469326303,1.7700973483530684,1.4421949892087198,0.7646992682577389,0.8936224880110957,1
0.22299475326941728,0.9613879966198952,1.3141417371485185,1.0428191548589587,1.1722066817610333,-0.030919664005833864,1.055311469326303,0.05903176270486304,-0.41990312468246144,2.054242722318007,0.8936224880110957,1
-0.1260387429951133,-0.6367539624965992,-0.9232600589561638,1.5316820088104326,-1.4346377063079516,-0.5140394140969656,1.055311469326303,-1.6520338229433422,-0.41990312468246144,-0.524844185802529,0.8936224880110957,1
0.3929323447451492,-0.1554422028796426,0.5367394181629936,1.3211993911368813,-0.18335240003483863,-0.5140394140969656,-1.020030653242631,0.9145645555289657,-0.41990312468246144,-0.524844185802529,0.8936224880110957,1
-1.0805385082899504,-0.679744915782774,-0.34494857775961496,-0.4101898832745889,-0.31369461943828786,-0.6348193516197488,0.017640408041835955,0.05903176270486304,-0.41990312468246144,-0.524844185802529,0.8936224880110957,1
-2.8084069533545906,0.9053128401596678,-0.5250783833782118,-0.3015536935075947,-0.046493069661217294,0.8145398986536466,2.09298253061077,0.9145645555289657,1.4421949892087198,-0.524844185802529,0.8936224880110957,1
-0.41299922680443457,-1.406852777883729,0.22388238735174557,0.03793439951426222,1.8304348897484526,0.2106402110397323,-1.020030653242631,0.05903176270486304,1.4421949892087198,-0.524844185802529,-1.119040773275156,1
-0.7762789882226194,-0.32179850037831875,-1.4446884436415777,-1.6119777325719622,-0.14424973421380421,1.4184395862675616,-1.020030653242631,0.05903176270486304,1.4421949892087198,0.7646992682577389,0.8936224880110957,0
-0.02427970618329701,0.03240957126211999,0.1764798069257982,-1.0416377362952427,-0.1051470683927689,1.6599994613131277,0.017640408041835955,0.05903176270486304,-1.350952181628052,-0.524844185802529,0.8936224880110957,1
-1.8620479110046995,-0.6040434545614668,-1.5110520562379026,-1.0891660693183027,0.01867804004050733,0.6937599611308641,1.055311469326303,0.9145645555289657,1.4421949892087198,2.054242722318007,-1.119040773275156,0
1.4044171706546045,1.0240052546671499,1.7881675414079852,0.47926892044267616,0.1555373704141296,-0.2724795390513995,2.09298253061077,0.9145645555289657,2.3732440461543107,0.7646992682577389,0.8936224880110957,1
-0.08737030900662357,-0.9732049012579667,0.7358302559519696,-0.18612774188016334,1.3807542328065523,-1.2387190392336636,-1.020030653242631,0.9145645555289657,-1.350952181628052,0.7646992682577389,0.8936224880110957,1
0.4488998149916493,-1.0956356595294638,-0.7715718015931351,0.9273932032315273,-0.28110906458742557,0.3314201485625154,-1.020030653242631,-0.7965010301192396,1.4421949892087198,3.343786176378275,0.8936224880110957,0
-2.3270867092347,1.6548507648447135,-1.9566363122418018,-1.550869875828028,1.2243435695224127,1.7807793988359113,-1.020030653242631,1.7700973483530684,-0.41990312468246144,-0.524844185802529,-1.119040773275156,0
-0.5513915168685046,1.2398946070390273,-0.34494857775961496,-0.24723559862409758,-0.8285463860819123,-0.2724795390513995,0.017640408041835955,-1.6520338229433422,1.4421949892087198,-0.524844185802529,-1.119040773275156,1
-0.4730370585234065,-0.9115222291517157,0.36609012862958507,0.7304901092788503,-0.326728841378633,0.8145398986536466,1.055311469326303,0.9145645555289657,-0.41990312468246144,-0.524844185802529,-1.119040773275156,1
-0.16063681551113118,0.46231910412386795,-1.3878053471304412,0.1397808274208193,-1.4541890392184689,-1.8426187268475784,0.017640408041835955,-0.7965010301192396,-0.41990312468246144,-0.524844185802529,0.8936224880110957,0
-1.310513931484655,-0.7750726817651611,-1.767025990538015,-0.81078583304038,-0.4049341730207023,1.1768797112219964,1.055311469326303,0.9145645555289657,-1.350952181628052,-0.524844185802529,0.8936224880110957,1
-0.9686035677969523,1.5810184755054142,0.3945316768851533,-0.9873196414117456,0.194640036235164,0.6937599611308641,-1.020030653242631,-0.7965010301192396,-0.41990312468246144,0.7646992682577389,-1.119040773275156,1
-0.4689666970509347,-0.5451645402782266,-0.7526107694227561,-1.3200179725731653,-0.24852350973656326,1.5392195237903452,-1.020030653242631,0.9145645555289657,0.5111459322631292,-0.524844185802529,0.8936224880110957,1
1.176476928196135,-0.3769390708975432,0.9349210937409447,0.7304901092788503,0.8984880210137898,-0.7555992891425318,1.055311469326303,0.05903176270486304,2.3732440461543107,-0.524844185802529,0.8936224880110957,1
-1.242335376820738,-1.118065722113555,-2.487545213012404,-1.4626029716423452,-2.3665845750426135,-0.5140394140969656,1.055311469326303,0.05903176270486304,-0.41990312468246144,-0.524844185802529,-1.119040773275156,0
-1.4255016430820069,-0.24516245321600796,-0.8000133498487025,-0.12501988513622908,-0.49617372660311665,0.8145398986536466,-1.020030653242631,0.05903176270486304,-1.350952181628052,-0.524844185802529,-1.119040773275156,1
0.9475190953695483,0.36044923655445366,-0.09845515954469249,-0.2743946460658461,0.194640036235164,1.0560997736992128,1.055311469326303,0.05903176270486304,0.5111459322631292,0.7646992682577389,-1.119040773275156,1
0.9363256013202486,-0.01712348361108142,0.4893368377370463,-1.306438448852291,1.1005184610891365,-0.15169960152861695,1.055311469326303,0.05903176270486304,0.5111459322631292,-0.524844185802529,0.8936224880110957,1
0.895621986595523,0.11652230595246235,0.1764798069257982,-0.6410417865294515,0.5726324725051666,1.0560997736992128,-1.020030653242631,0.05903176270486304,-1.350952181628052,-0.524844185802529,0.8936224880110957,1
-0.35296139508546404,-0.48628562599498776,-0.6198835442301056,-0.2879741697867204,-0.750341054439843,0.572980023608081,-1.020030653242631,0.9145645555289657,-0.41990312468246144,0.7646992682577389,0.8936224880110957,0
0.16499210228668124,0.04736294631818044,-2.487545213012404,-2.2773743948948018,-1.7344248109358844,1.1768797112219964,1.055311469326303,0.05903176270486304,0.5111459322631292,2.054242722318007,0.8936224880110957,0
0.29422607903768755,0.3838138850795486,-0.10793567562988161,-0.9737401176908713,0.22070848011585423,1.5392195237903452,1.055311469326303,-0.7965010301192396,0.5111459322631292,0.7646992682577389,0.8936224880110957,1
0.4651812608815396,-0.1610497185256656,0.8116743846334843,0.5879051102096704,-0.8546148299626021,-2.0841786018931443,0.017640408041835955,0.9145645555289657,-1.350952181628052,-0.524844185802529,-1.119040773275156,1
0.26878631983473344,-2.035829116179285,-1.1887145093414653,-0.9194220228073742,1.2438949024329309,-0.030919664005833864,-1.020030653242631,0.05903176270486304,-0.41990312468246144,-0.524844185802529,0.8936224880110957,0
0.20060776517081635,-0.4890893838179992,0.9254405776557556,0.2552067790482506,1.0027617965365496,-1.2387190392336636,0.017640408041835955,0.9145645555289657,2.3732440461543107,-0.524844185802529,-1.119040773275156,1
-1.092749592707368,0.061381735433237945,-0.5155978672930227,-0.9262117846678114,0.8789366881032725,-1.3594989767564467,-1.020030653242631,0.9145645555289657,-0.41990312468246144,-0.524844185802529,0.8936224880110957,1
1.9437400657572304,0.30717783791723646,1.3141417371485185,1.2736710581138213,0.6703891370577536,-0.7555992891425318,1.055311469326303,0.9145645555289657,-0.41990312468246144,-0.524844185802529,0.8936224880110957,1
-0.22983296054316552,-1.2218047615649767,-0.638844576400484,-1.605187970711525,-0.9588886054853616,-0.7555992891425318,1.055311469326303,-1.6520338229433422,-0.41990312468246144,-0.524844185802529,0.8936224880110957,0
-1.2443705575569746,0.15857867329763353,-1.5868961849194172,-0.29476393164715753,-1.330363930785192,1.4184395862675616,-1.020030653242631,-0.7965010301192396,-1.350952181628052,-0.524844185802529,-1.119040773275156,0
0.03982848700814679,-0.708717079953892,-0.12689670780025988,0.8527058227667188,-0.5157250595136343,-2.5672983519842765,0.017640408041835955,-0.7965010301192396,-1.350952181628052,-0.524844185802529,0.8936224880110957,1
1.242620302123816,0.06044714949223367,0.32816806428882767,2.373612479504638,-1.3629494856360544,-0.3932594765741826,-1.020030653242631,0.9145645555289657,-0.41990312468246144,0.7646992682577389,0.8936224880110957,1
-0.6144821196918312,0.18755083746875018,1.5511546392782518,1.511312723229121,-1.3108125978746745,0.3314201485625154,0.017640408041835955,-1.6520338229433422,0.5111459322631292,-0.524844185802529,0.8936224880110957,1
-1.0886792312348954,2.5642028854414094,1.778687025322796,1.9662267678784093,-0.7894437202608774,-0.9971591641880975,-1.020030653242631,0.05903176270486304,-0.41990312468246144,-0.524844185802529,0.8936224880110957,1
-0.4933888658857701,1.2941005916172474,-0.5061173512078335,-1.1366944023413625,0.40970469825085504,-0.15169960152861695,-1.020030653242631,0.05903176270486304,-1.350952181628052,-0.524844185802529,-1.119040773275156,1
-1.310513931484655,0.36979509596449106,-0.5345588994634018,0.2687863027691249,-0.6330330569767384,-1.3594989767564467,0.017640408041835955,0.05903176270486304,1.4421949892087198,0.7646992682577389,0.8936224880110957,0
0.9688884931000306,-0.49095855570000646,-0.8189743820190817,-0.7904165474590686,1.2113093475820687,-0.8763792266653144,-1.020030653242631,-0.7965010301192396,-0.41990312468246144,0.7646992682577389,-1.119040773275156,0
1.0940521083785635,1.0529774188382677,0.5082978699074254,-1.550869875828028,-1.0110254932467415,0.08986027351694922,-1.020030653242631,-1.6520338229433422,-0.41990312468246144,-0.524844185802529,0.8936224880110957,1
1.8694559688846042,-0.5161923761071087,-1.0180652198080575,-1.489762019084094,1.0679329062382743,0.08986027351694922,-1.020030653242631,-1.6520338229433422,0.5111459322631292,-0.524844185802529,0.8936224880110957,0
0.5537116229078203,1.1866232084018116,0.3092070321184494,-0.5256158349020202,0.8202826893717209,0.572980023608081,-1.020030653242631,0.05903176270486304,1.4421949892087198,-0.524844185802529,-1.119040773275156,1
1.7453099439741884,-0.6890907751928121,-0.29754599733366843,-0.4441386925767746,-0.48965661563294455,0.8145398986536466,2.09298253061077,0.05903176270486304,-0.41990312468246144,3.343786176378275,0.8936224880110957,1
-0.5707257338627509,0.29128987692017305,-0.9137795428709746,0.5267972534657361,-1.525877259890366,-1.1179391017108806,-1.020030653242631,0.05903176270486304,1.4421949892087198,-0.524844185802529,0.8936224880110957,0
1.3647311462979959,-0.2890879924431864,0.5557004503333719,0.8051774897436588,-1.0305768261572588,-0.2724795390513995,-1.020030653242631,2.625630141177171,1.4421949892087198,-0.524844185802529,0.8936224880110957,1
-1.6259669456012857,-0.03581520243115632,-1.3498832827896838,-0.8039960711799429,0.8789366881032725,-2.2049585394159275,-1.020030653242631,0.05903176270486304,-0.41990312468246144,2.054242722318007,-1.119040773275156,0
0.5272542733367475,-0.6760065720187589,0.1290772264998517,-0.7360984525755715,1.0679329062382743,-0.3932594765741826,1.055311469326303,-0.7965010301192396,-0.41990312468246144,-0.524844185802529,-1.119040773275156,1
0.7429834313777984,0.9754067857349527,0.32816806428882767,1.0496089167193958,-0.9719228274257067,-0.15169960152861695,-1.020030653242631,-0.7965010301192396,0.5111459322631292,-0.524844185802529,0.8936224880110957,1
1.6089528346463542,0.40717853360464357,0.6031030307593184,-1.0755865455974283,-0.9263030506344992,1.0560997736992128,1.055311469326303,2.625630141177171,-0.41990312468246144,-0.524844185802529,-1.119040773275156,1
1.4054347610227216,-1.581620348851439,-0.9801431554673002,-0.19291750374060046,-1.890835474220024,0.45220008608529794,0.017640408041835955,0.05903176270486304,-1.350952181628052,-0.524844185802529,-1.119040773275156,1
-0.5290045287699052,-1.446105387405888,-0.06053309520393512,-1.306438448852291,0.5400469176543043,-0.6348193516197488,-1.020030653242631,0.9145645555289657,0.5111459322631292,0.7646992682577389,0.8936224880110957,0
-1.5669467042504317,-1.752649576055134,-0.32598754558923587,-0.1997072656010376,-0.5613448363048412,0.2106402110397323,0.017640408041835955,0.9145645555289657,-0.41990312468246144,-0.524844185802529,0.8936224880110957,1
0.23215306658247964,-0.8732042055705602,-0.6009225120597266,-0.016383695369234886,-1.4932917050395036,-0.15169960152861695,1.055311469326303,-0.7965010301192396,-1.350952181628052,0.7646992682577389,0.8936224880110957,0
0.47230439345836606,-0.3498360786084338,-0.48715631903745443,-0.11823012327579195,-0.21593795488570094,0.2106402110397323,1.055311469326303,1.7700973483530684,0.5111459322631292,-0.524844185802529,0.8936224880110957,1
-1.2484409190294472,-0.8199328069333437,-1.4731299918971452,-0.5527748823437688,-0.18335240003483863,-0.3932594765741826,0.017640408041835955,0.05903176270486304,-0.41990312468246144,-0.524844185802529,0.8936224880110957,0
-0.7976483859531003,2.5642028854414094,0.6315445790148866,-0.1793379800197262,-1.1869874894413976,-0.5140394140969656,1.055311469326303,-1.6520338229433422,0.5111459322631292,-0.524844185802529,-1.119040773275156,1
0.41023138100315815,-1.3918994028276679,-1.1318314128303297,0.2891555883504363,-1.4998088160096763,-0.8763792266653144,0.017640408041835955,0.05903176270486304,0.5111459322631292,-0.524844185802529,0.8936224880110957,0
-0.4068936845957268,0.9810143013809757,-0.7431302533375669,-1.055217260016117,0.39015336534033784,0.572980023608081,1.055311469326303,-0.7965010301192396,-1.350952181628052,-0.524844185802529,-1.119040773275156,1
1.6303222323768365,-1.054513878125297,0.19544083909617732,1.6403181985774267,-1.7409419219060571,0.3314201485625154,1.055311469326303,-0.7965010301192396,-1.350952181628052,3.343786176378275,0.8936224880110957,0
1.0319790959233557,-1.3227400431933873,1.8071285735783633,0.7712286804414731,0.8919709100436176,-0.7555992891425318,1.055311469326303,-1.6520338229433422,-0.41990312468246144,-0.524844185802529,-1.119040773275156,1
-1.6412308011230579,-1.0208687842491602,-0.9137795428709746,-0.661411072110763,-0.33976306331897765,0.3314201485625154,1.055311469326303,0.05903176270486304,1.4421949892087198,-0.524844185802529,-1.119040773275156,1
0.7165260818067257,-0.522734477694136,-0.25014341690772113,0.10583201811863359,0.6573549151174094,-0.15169960152861695,0.017640408041835955,-1.6520338229433422,1.4421949892087198,-0.524844185802529,-1.119040773275156,1
-0.11586283931393225,-2.389102601878721,-2.3263764395641857,-0.6749905958316372,-0.274591953617253,0.9353198361764303,-1.020030653242631,0.05903176270486304,-0.41990312468246144,2.054242722318007,-1.119040773275156,0
-2.3494736973332992,0.8249384492333413,-0.43027322252631883,-0.5324055967624574,-0.6721357227977733,-0.9971591641880975,2.09298253061077,0.05903176270486304,-0.41990312468246144,-0.524844185802529,0.8936224880110957,1
-1.4499238119168432,0.37259885378750257,-1.0939093484895723,-1.4761824953632194,1.2829975682539654,0.3314201485625154,-1.020030653242631,-0.7965010301192396,-0.41990312468246144,-0.524844185802529,-1.119040773275156,0
0.42651282689304987,1.975413742609017,1.0297262545928394,1.0020805836963358,0.37060203242982065,0.08986027351694922,1.055311469326303,-0.7965010301192396,-1.350952181628052,-0.524844185802529,0.8936224880110957,1
0.16397451191856255,-0.02366558519810737,0.2333629034369347,-0.4441386925767746,-0.23548928779621814,0.572980023608081,-1.020030653242631,0.9145645555289657,-0.41990312468246144,0.7646992682577389,-1.119040773275156,1
-0.4974592273582433,-0.09375953077339223,-2.079883021349263,-1.2317510683874826,0.8854537990734456,0.572980023608081,1.055311469326303,0.05903176270486304,-0.41990312468246144,3.343786176378275,-1.119040773275156,0
-1.2728630878642826,0.8539106134044592,-1.7859870227083932,-0.9058424990864999,-0.30066039749794277,0.2106402110397323,0.017640408041835955,-1.6520338229433422,-0.41990312468246144,-0.524844185802529,0.8936224880110957,0
1.2405851213875803,-0.09562870265539945,-0.43027322252631883,0.07867297067688504,1.0418644623575841,0.9353198361764303,1.055311469326303,0.05903176270486304,0.5111459322631292,0.7646992682577389,0.8936224880110957,1
0.11513017424889177,0.8744715041065426,-0.22170186865215372,0.126201303699945,0.7290431357893061,0.6937599611308641,0.017640408041835955,0.05903176270486304,-1.350952181628052,2.054242722318007,0.8936224880110957,1
0.3725805373827871,0.2034387984658149,0.21440187126655558,-1.3539667818753511,-1.1869874894413976,-0.3932594765741826,0.017640408041835955,-0.7965010301192396,-1.350952181628052,-0.524844185802529,-1.119040773275156,1
1.088964156537973,-1.2638611289101478,0.9064795454853773,0.3095248739317477,-0.49617372660311665,1.0560997736992128,-1.020030653242631,0.05903176270486304,-0.41990312468246144,-0.524844185802529,-1.119040773275156,1
0.09477836688652823,-1.3918994028276679,-0.11741619171507076,-1.5305005902467166,1.7000926703450034,-0.15169960152861695,0.017640408041835955,0.05903176270486304,-1.350952181628052,2.054242722318007,0.8936224880110957,0
0.660558611560227,1.3978396310686692,0.8021938685482943,1.15824510648639,2.1953931040781103,0.2106402110397323,0.017640408041835955,0.05903176270486304,-1.350952181628052,-0.524844185802529,0.8936224880110957,1
0.2209595725331799,0.9940985045550289,0.24284341952212382,0.8051774897436588,-0.2615577316769084,-1.6010588518020124,0.017640408041835955,-1.6520338229433422,-1.350952181628052,-0.524844185802529,-1.119040773275156,1
-0.21762187612574854,1.4464381000008675,-0.15533825605582813,-0.002804171648360612,-0.33324595234880505,1.6599994613131277,-1.020030653242631,0.05903176270486304,-0.41990312468246144,-0.524844185802529,-1.119040773275156,1
0.9688884931000306,0.23801847828295586,0.5272589020778037,0.24841701718781348,-0.0790786245120796,0.6937599611308641,-1.020030653242631,-0.7965010301192396,-0.41990312468246144,-0.524844185802529,-1.119040773275156,1
-1.1680512799481124,1.0436315594282304,-1.4162468953860095,-0.8039960711799429,-0.3984170620505297,-0.2724795390513995,1.055311469326303,-1.6520338229433422,-1.350952181628052,2.054242722318007,0.8936224880110957,0
-1.4428006793400159,-0.7722689239421502,-1.359363798874873,-0.5731441679250802,0.34453358854913047,0.2106402110397323,1.055311469326303,0.05903176270486304,0.5111459322631292,2.054242722318007,0.8936224880110957,0
0.04695161958497469,1.3165306542013395,-0.032091546948366884,-0.13180964699666622,-0.38538284011018503,0.9353198361764303,-1.020030653242631,-0.7965010301192396,-0.41990312468246144,-0.524844185802529,-1.119040773275156,1
-0.9696211581650703,1.2922314197352402,0.8211549007186735,-0.8786834516447514,0.2858795898175788,0.572980023608081,-1.020030653242631,0.05903176270486304,0.5111459322631292,-0.524844185802529,-1.119040773275156,1
-1.7144973076275656,0.010914094619033587,-0.7052081889968095,-1.2860691632709798,0.8333169113120651,-0.5140394140969656,0.017640408041835955,0.05903176270486304,1.4421949892087198,-0.524844185802529,-1.119040773275156,1
-0.8180001933154638,0.25764478304403504,-0.2596239329929111,0.13299106556038215,-0.9784399383958792,0.08986027351694922,0.017640408041835955,-1.6520338229433422,0.5111459322631292,-0.524844185802529,0.8936224880110957,1
-0.9177240493910441,-0.8610545883375106,-1.767025990538015,-0.7632575000173201,-0.11166417936294191,-1.8426187268475784,0.017640408041835955,0.9145645555289657,0.5111459322631292,-0.524844185802529,-1.119040773275156,0
0.43058318836552173,0.12960650912651558,0.85907696505943,0.058303685095573626,-0.007390403840181965,-0.9971591641880975,-1.020030653242631,-0.7965010301192396,-0.41990312468246144,-0.524844185802529,0.8936224880110957,1
-0.5890423604888771,0.5483010106962175,-0.5440394155485909,0.09904225625819646,-1.64318525735347,-0.8763792266653144,0.017640408041835955,-1.6520338229433422,-1.350952181628052,-0.524844185802529,0.8936224880110957,0
-1.2372474249801473,-1.9152675297897952,-1.037026251978436,-1.109535354899614,-0.8676490519029472,-0.15169960152861695,-1.020030653242631,1.7700973483530684,0.5111459322631292,-0.524844185802529,-1.119040773275156,0
-0.3722956120797089,0.8772752619295542,0.6599861272704549,-1.055217260016117,-0.7047212776486356,-1.4802789142792292,1.055311469326303,0.05903176270486304,-0.41990312468246144,-0.524844185802529,-1.119040773275156,1
-0.4272454919580889,0.4398890415397759,0.470375805566668,2.2038684329937093,-0.5808961692153589,0.08986027351694922,-1.020030653242631,-1.6520338229433422,0.5111459322631292,-0.524844185802529,0.8936224880110957,1
0.20060776517081635,-0.24329328133400074,-0.6672861246560522,0.8119672516040959,0.37060203242982065,0.8145398986536466,-1.020030653242631,0.9145645555289657,0.5111459322631292,0.7646992682577389,-1.119040773275156,1
-1.3054259796440637,0.7679287068321096,-0.11741619171507076,0.8187570134645331,-0.43751972787156457,1.6599994613131277,0.017640408041835955,0.05903176270486304,-0.41990312468246144,0.7646992682577389,0.8936224880110957,1
-1.6748112832709572,1.787561968467253,1.0012847063372703,0.49284844416355045,0.10991759362292217,1.0560997736992128,0.017640408041835955,1.7700973483530684,0.5111459322631292,0.7646992682577389,-1.119040773275156,1
-1.3186546544296,-1.675078942951819,-1.767025990538015,-1.1299046404809254,0.4292560311613732,-1.4802789142792292,-1.020030653242631,0.9145645555289657,-0.41990312468246144,2.054242722318007,0.8936224880110957,0
0.6707345152414081,-0.2937609221482051,-0.4776758029522653,-0.0367529809505463,0.10991759362292217,0.08986027351694922,0.017640408041835955,-0.7965010301192396,2.3732440461543107,-0.524844185802529,0.8936224880110957,1
0.7735111424213431,-1.3143287697243529,-0.16481877214101726,-0.5188260730415831,-0.5222421704838068,1.9015593363586938,0.017640408041835955,-0.7965010301192396,0.5111459322631292,-0.524844185802529,-1.119040773275156,1
-0.0822823571660316,1.897843109505702,-0.21222135256696376,-0.5120363111811459,-0.5874132801855315,-0.030919664005833864,-1.020030653242631,-0.7965010301192396,-1.350952181628052,-0.524844185802529,0.8936224880110957,1
1.6842545218870992,1.3791479122485928,1.3994663819152222,0.7237003474184132,-0.2876261755575981,-0.030919664005833864,-1.020030653242631,0.05903176270486304,0.5111459322631292,-0.524844185802529,0.8936224880110957,1
2.358916935949441,1.3754095684845784,2.669855537330593,1.945857482297098,-2.0407290265339904,-0.030919664005833864,0.017640408041835955,0.05903176270486304,-0.41990312468246144,-0.524844185802529,-1.119040773275156,1
1.7748200646496157,0.1324102669495271,0.2333629034369347,1.2397222488116355,-1.1283334907098457,-1.1179391017108806,1.055311469326303,-0.7965010301192396,-1.350952181628052,-0.524844185802529,0.8936224880110957,1
0.1975549940664632,-1.1825521520428177,-0.8379354141894599,-1.5576596376884653,-0.20290373294535582,-0.2724795390513995,1.055311469326303,0.05903176270486304,-0.41990312468246144,-0.524844185802529,0.8936224880110957,1
1.1093159639003365,-0.5554449856292684,1.2098560602114363,0.6286436813722932,0.33801647757895836,1.6599994613131277,-1.020030653242631,0.05903176270486304,0.5111459322631292,0.7646992682577389,0.8936224880110957,1
-1.4529765830211976,1.5389621081602431,0.07219412998871609,-1.6798753511763336,-2.014660582653301,1.7807793988359113,0.017640408041835955,0.05903176270486304,1.4421949892087198,-0.524844185802529,0.8936224880110957,1
1.2059870488715623,0.6118528546844751,1.3236222532337076,-0.15217893257797765,0.23374270205619932,0.45220008608529794,0.017640408041835955,-0.7965010301192396,0.5111459322631292,-0.524844185802529,-1.119040773275156,1
1.9732501864326564,0.4931604401769931,-0.41131219035593974,2.0816527195058407,-0.6069646130960487,1.9015593363586938,2.09298253061077,-1.6520338229433422,0.5111459322631292,-0.524844185802529,0.8936224880110957,1
0.5303070444411021,-0.2189940468679015,-0.8663769624450282,-1.3811258293170996,0.012160929070335237,0.2106402110397323,1.055311469326303,0.05903176270486304,-0.41990312468246144,-0.524844185802529,-1.119040773275156,1
0.921061745798477,-0.3657240396054972,0.35660961254439594,-0.8515244042030028,-0.8937174957836369,-0.030919664005833864,0.017640408041835955,-0.7965010301192396,-1.350952181628052,0.7646992682577389,-1.119040773275156,1
-0.7437160964428375,-0.3554435942544555,-0.5440394155485909,0.5811153483492333,0.5661153615349945,0.08986027351694922,2.09298253061077,0.05903176270486304,-1.350952181628052,0.7646992682577389,0.8936224880110957,1
-0.42012235938126247,0.0959614152503789,-0.7241692211671877,-1.842829635826825,-0.6786528337679458,0.9353198361764303,-1.020030653242631,0.05903176270486304,1.4421949892087198,0.7646992682577389,-1.119040773275156,0
-1.1822975451017668,-1.4433016295828773,-1.6342987653453638,-0.9533708321095599,-0.4440368388417371,0.572980023608081,1.055311469326303,-1.6520338229433422,-0.41990312468246144,-0.524844185802529,-1.119040773275156,0
-0.33973272029992696,-0.334882703552372,-1.3878053471304412,2.210658194854146,-0.7568581654100152,-1.1179391017108806,1.055311469326303,0.9145645555289657,-1.350952181628052,3.343786176378275,0.8936224880110957,0
-0.40791127496384405,-0.9077838853877005,0.32816806428882767,-0.7904165474590686,-0.326728841378633,-0.3932594765741826,2.09298253061077,0.05903176270486304,1.4421949892087198,-0.524844185802529,0.8936224880110957,1
0.4488998149916493,0.7277415113689456,0.4324537412259107,-0.47129774001852315,2.0389824407939705,-0.6348193516197488,1.055311469326303,-0.7965010301192396,0.5111459322631292,-0.524844185802529,0.8936224880110957,1
-1.1863679065742392,-0.30591053938125407,0.20492135518136645,1.8168520069487923,0.8398340222822381,1.297659648744779,0.017640408041835955,0.05903176270486304,0.5111459322631292,-0.524844185802529,0.8936224880110957,1
1.3881357247647126,0.36231840843646085,-0.10793567562988161,-0.6003032153668287,0.025195151010680348,-0.8763792266653144,0.017640408041835955,0.05903176270486304,0.5111459322631292,-0.524844185802529,0.8936224880110957,1
0.5109728274468572,-1.523676020509204,-0.5914419959745374,-0.029963219090109162,0.7290431357893061,0.45220008608529794,0.017640408041835955,-0.7965010301192396,0.5111459322631292,-0.524844185802529,0.8936224880110957,1
1.765661751336552,-2.2003162417959534,0.2333629034369347,0.716910585557976,-0.7568581654100152,-0.2724795390513995,0.017640408041835955,-0.7965010301192396,-0.41990312468246144,-0.524844185802529,-1.119040773275156,1
-0.5859895893845225,-0.5675946028623186,-0.23118238473734284,-0.4848772637393974,-0.7242726105591528,1.1768797112219964,-1.020030653242631,0.9145645555289657,-0.41990312468246144,-0.524844185802529,0.8936224880110957,1
2.4169195869321753,0.30717783791723646,-0.6672861246560522,-0.4509284544372117,-0.0790786245120796,0.9353198361764303,-1.020030653242631,0.05903176270486304,1.4421949892087198,-0.524844185802529,0.8936224880110957,1
0.6096790931543189,-0.9470364949098602,0.7358302559519696,-0.45771821629764886,0.2858795898175788,-0.8763792266653144,0.017640408041835955,0.05903176270486304,-1.350952181628052,-0.524844185802529,0.8936224880110957,1
0.06425065584298363,-0.881615479039594,0.7547912881223479,0.3570532069548077,2.1628075492272476,1.9015593363586938,0.017640408041835955,0.9145645555289657,-0.41990312468246144,2.054242722318007,0.8936224880110957,1
-1.2067197139366022,-0.12179710900350592,-0.1932603203965855,0.0175651139329508,-0.6656186118276007,1.0560997736992128,0.017640408041835955,0.05903176270486304,-0.41990312468246144,-0.524844185802529,0.8936224880110957,1
1.6557619915797905,-0.15170385911562814,0.5177783859926145,1.008870345556773,0.7029746919086158,-0.9971591641880975,0.017640408041835955,-0.7965010301192396,0.5111459322631292,-0.524844185802529,0.8936224880110957,1
-1.581192969404086,-0.9741394871989703,-1.3783248310452523,-2.0125736823377536,0.5726324725051666,0.3314201485625154,2.09298253061077,0.9145645555289657,0.5111459322631292,-0.524844185802529,-1.119040773275156,1
0.6758224670819987,1.2183991303959396,-0.09845515954469249,-1.1163251167600512,0.8072484674313758,1.297659648744779,-1.020030653242631,1.7700973483530684,-1.350952181628052,-0.524844185802529,-1.119040773275156,1
-0.3916298290739538,-1.036756745246225,-0.41131219035593974,-2.039732729779502,0.92455646489448,-0.9971591641880975,-1.020030653242631,-0.7965010301192396,-0.41990312468246144,-0.524844185802529,0.8936224880110957,0
-0.2542551293780024,0.5314784637581486,0.773752320292727,0.058303685095573626,-0.8024779422012226,1.4184395862675616,0.017640408041835955,0.05903176270486304,0.5111459322631292,-0.524844185802529,0.8936224880110957,1
-0.6887662165644575,-0.31432181285028854,0.1764798069257982,-0.00959393350879775,-0.14424973421380421,0.6937599611308641,0.017640408041835955,-0.7965010301192396,-0.41990312468246144,2.054242722318007,0.8936224880110957,0
1.0920169276423275,1.0183977390211267,-0.48715631903745443,1.2940403436951327,0.8007313564612027,-2.0841786018931443,1.055311469326303,-0.7965010301192396,-0.41990312468246144,-0.524844185802529,0.8936224880110957,1
-0.05684259796307753,1.120267606590541,0.8495964489742408,1.4637843902060612,1.6218873387029336,-0.5140394140969656,-1.020030653242631,0.05903176270486304,-0.41990312468246144,-0.524844185802529,0.8936224880110957,1
-0.2267801894388109,-0.30964888314526984,-1.26455863802298,-0.043542742810983436,0.8724195771331005,1.0560997736992128,-1.020030653242631,0.05903176270486304,1.4421949892087198,-0.524844185802529,0.8936224880110957,1
-0.6816430839876296,0.044559188495170265,0.38505116079996415,0.06509344695601077,-1.2130559333220874,-1.6010588518020124,-1.020030653242631,0.05903176270486304,-0.41990312468246144,0.7646992682577389,-1.119040773275156,0
0.9444663242651937,1.8427025389864775,2.176868700900748,2.88963438089786,1.6870584484046582,0.08986027351694922,0.017640408041835955,1.7700973483530684,2.3732440461543107,2.054242722318007,-1.119040773275156,1
-0.45166766079292575,-0.2554428985670497,0.3092070321184494,0.11262177997907073,1.2829975682539654,-0.030919664005833864,0.017640408041835955,1.7700973483530684,1.4421949892087198,-0.524844185802529,0.8936224880110957,1
0.5791513821107743,0.9183970433337211,0.7453107720371587,0.9545522506732759,0.06429781683171475,-1.6010588518020124,0.017640408041835955,0.9145645555289657,-1.350952181628052,0.7646992682577389,0.8936224880110957,1
-0.4414917571117432,-0.09469411671439651,-0.45871477078188705,-0.7089394051338229,0.34453358854913047,0.6937599611308641,-1.020030653242631,-0.7965010301192396,-0.41990312468246144,0.7646992682577389,-1.119040773275156,0
-0.03649079060071543,-0.2059098436938483,-0.7526107694227561,-1.455813209781908,0.14902025944395658,0.3314201485625154,-1.020030653242631,0.05903176270486304,-0.41990312468246144,2.054242722318007,0.8936224880110957,0
1.6669554856290902,1.4866252954640302,1.2667391567225728,1.8100622450883552,0.4879100298929248,0.572980023608081,-1.020030653242631,0.9145645555289657,0.5111459322631292,-0.524844185802529,0.8936224880110957,1
-1.4712932096473246,-0.40684582100966543,-0.7431302533375669,0.1805193985834421,-0.2420063987663907,-1.8426187268475784,-1.020030653242631,0.05903176270486304,0.5111459322631292,-0.524844185802529,0.8936224880110957,0
-1.1639809184756398,-0.4124533366556871,-1.1033898645747615,-0.8311551186216914,-0.9849570493660513,1.1768797112219964,-1.020030653242631,-0.7965010301192396,-0.41990312468246144,-0.524844185802529,0.8936224880110957,0
-1.1792447739974121,0.30343949415322197,-0.6104030281449156,-0.267604884205409,-1.9755579168322657,0.45220008608529794,0.017640408041835955,0.05903176270486304,0.5111459322631292,0.7646992682577389,-1.119040773275156,0
-0.21660428575762986,0.2567101971030321,1.8355701218339324,0.9885010599754616,2.1953931040781103,1.0560997736992128,-1.020030653242631,0.05903176270486304,0.5111459322631292,0.7646992682577389,0.8936224880110957,1
-2.8084069533545906,1.4978403267560763,-1.6437792814305539,0.17372963672300498,0.1816058142948189,-0.3932594765741826,0.017640408041835955,0.05903176270486304,-0.41990312468246144,-0.524844185802529,-1.119040773275156,1
-1.224018750194611,-0.3451631489034137,-0.7905328337635134,-1.0212684507139314,-0.1051470683927689,0.08986027351694922,-1.020030653242631,0.05903176270486304,-0.41990312468246144,-0.524844185802529,0.8936224880110957,0
-0.4740546488915252,0.6268062297405356,1.257258640637382,0.22804773160650207,1.7391953361660377,1.1768797112219964,0.017640408041835955,0.9145645555289657,1.4421949892087198,-0.524844185802529,0.8936224880110957,1
1.3331858448863327,0.23801847828295586,0.7073887076964014,0.16693987486256784,0.13598603750361238,-0.8763792266653144,-1.020030653242631,-0.7965010301192396,1.4421949892087198,-0.524844185802529,0.8936224880110957,1
0.6524178886152819,-1.579751176969432,-0.8948185107005964,0.49284844416355045,-0.7568581654100152,-0.6348193516197488,-1.020030653242631,-0.7965010301192396,0.5111459322631292,-0.524844185802529,0.8936224880110957,0
1.9752853671688937,-0.7255396268919603,1.4847910266819262,0.2552067790482506,-0.5613448363048412,0.572980023608081,2.09298253061077,1.7700973483530684,0.5111459322631292,0.7646992682577389,0.8936224880110957,1
0.575081020638301,0.7529753317760491,0.7073887076964014,-0.5120363111811459,0.6834233589980987,-0.5140394140969656,0.017640408041835955,0.9145645555289657,1.4421949892087198,-0.524844185802529,0.8936224880110957,1
0.4946913815569655,0.5193288465250996,0.8401159328890517,1.6131591511356782,1.9151573323606943,-0.7555992891425318,-1.020030653242631,0.9145645555289657,-1.350952181628052,-0.524844185802529,0.8936224880110957,1
0.45093499572788526,-0.5264728214581503,0.06271361390352695,-1.258910115829231,-1.063162381008121,-0.2724795390513995,1.055311469326303,-0.7965010301192396,2.3732440461543107,-0.524844185802529,-1.119040773275156,1
2.5848219976716726,2.5642028854414094,1.9777778631117728,1.2193529632303242,0.10991759362292217,-0.2724795390513995,2.09298253061077,0.05903176270486304,0.5111459322631292,-0.524844185802529,-1.119040773275156,1
-0.09856380305592331,1.1772773489917727,0.24284341952212382,0.15336035114169355,1.133104015939999,-0.030919664005833864,1.055311469326303,1.7700973483530684,-0.41990312468246144,-0.524844185802529,0.8936224880110957,1
0.4712868030902488,0.5819461045723542,1.4658299945115478,0.41816106369874195,-0.026941736750699167,0.3314201485625154,-1.020030653242631,0.05903176270486304,0.5111459322631292,-0.524844185802529,0.8936224880110957,1
-0.09652862231968594,1.8539175702785236,1.9872583791969618,0.9002341557897787,0.044746483921197545,0.08986027351694922,1.055311469326303,-0.7965010301192396,0.5111459322631292,-0.524844185802529,-1.119040773275156,1
-0.23288573164752013,-0.33114435978835755,1.190895028041058,1.0224498692776471,1.7326782251958657,-0.3932594765741826,1.055311469326303,0.05903176270486304,0.5111459322631292,-0.524844185802529,0.8936224880110957,1
-0.9930257366317877,-0.08815201512736923,-1.3024807023637375,-1.5576596376884653,-1.330363930785192,-0.6348193516197488,0.017640408041835955,-1.6520338229433422,-0.41990312468246144,-0.524844185802529,0.8936224880110957,0
0.17720318670409965,-0.07974074165833606,0.5177783859926145,-0.8243653567612543,0.8724195771331005,-1.8426187268475784,-1.020030653242631,-1.6520338229433422,-1.350952181628052,-0.524844185802529,0.8936224880110957,1
-0.12095079115452277,0.9754067857349527,-0.07001361128912426,0.5607460627679218,-2.3665845750426135,-1.1179391017108806,-1.020030653242631,0.05903176270486304,0.5111459322631292,-0.524844185802529,-1.119040773275156,1
0.8172675282504234,0.5034408855280349,0.4229732251407215,0.1601501130021307,0.6964575809384438,0.08986027351694922,0.017640408041835955,0.05903176270486304,0.5111459322631292,-0.524844185802529,-1.119040773275156,1
-0.3051346477839105,-0.10590914800644119,0.20492135518136645,1.7150055790422352,0.8724195771331005,-0.6348193516197488,-1.020030653242631,-1.6520338229433422,1.4421949892087198,2.054242722318007,0.8936224880110957,0
0.7867398172068787,-0.43955632894479785,1.1529729637003,0.40458153997786767,0.37060203242982065,-1.4802789142792292,0.017640408041835955,-1.6520338229433422,-1.350952181628052,-0.524844185802529,0.8936224880110957,1
0.7175436721748444,-0.611520142089497,0.07219412998871609,-0.3966103595537146,1.543682007060864,-0.030919664005833864,0.017640408041835955,2.625630141177171,-1.350952181628052,-0.524844185802529,0.8936224880110957,1
0.2921908983014516,-2.389102601878721,-2.079883021349263,-0.3355025028097804,0.005643818100163145,0.2106402110397323,3.130653591895237,0.05903176270486304,-0.41990312468246144,2.054242722318007,0.8936224880110957,0
-0.23899127385622934,-0.4208646101247216,-1.2930001862785483,-1.7206139223389565,-0.5808961692153589,-0.2724795390513995,-1.020030653242631,0.9145645555289657,0.5111459322631292,0.7646992682577389,-1.119040773275156,0
0.863059094815741,-0.02366558519810737,0.04375258173314785,0.5267972534657361,0.3966704763105109,0.572980023608081,0.017640408041835955,0.05903176270486304,-0.41990312468246144,-0.524844185802529,0.8936224880110957,1
-0.7457512771790749,-0.5788096341543633,-1.0844288324043823,-0.16575845629885191,-0.7307897215293254,0.3314201485625154,1.055311469326303,1.7700973483530684,2.3732440461543107,-0.524844185802529,0.8936224880110957,1
0.5435357192266377,0.6137220265664823,0.31868754820363854,0.20088868416475353,-0.8741661628731198,0.45220008608529794,0.017640408041835955,-1.6520338229433422,-0.41990312468246144,-0.524844185802529,0.8936224880110957,1
0.15278101786926282,0.40811311954564783,-0.31650702950404674,1.6946362934609238,-0.8285463860819123,1.297659648744779,1.055311469326303,-0.7965010301192396,-0.41990312468246144,0.7646992682577389,-1.119040773275156,1
0.5771162013745369,0.6296099875635471,1.1055703832743524,0.4656893967218019,-0.6591015008574282,1.9015593363586938,2.09298253061077,-0.7965010301192396,0.5111459322631292,-0.524844185802529,-1.119040773275156,1
-1.344094413632554,1.2772780446791798,-0.24066290082253197,0.11941154183950786,-1.330363930785192,-0.3932594765741826,0.017640408041835955,0.05903176270486304,-0.41990312468246144,2.054242722318007,0.8936224880110957,0
-0.7925604341125098,0.268859814336081,-0.6957276729116204,-1.802091064664202,-0.000873292870009873,-0.8763792266653144,0.017640408041835955,0.05903176270486304,-0.41990312468246144,-0.524844185802529,-1.119040773275156,0
2.5848219976716726,1.3567178496645023,1.1624534797854889,0.7780184423019102,-1.8452156974288165,-0.030919664005833864,0.017640408041835955,0.05903176270486304,0.5111459322631292,-0.524844185802529,-1.119040773275156,1
-0.2868180211577829,-0.3834811724845705,-0.16481877214101726,-1.2724896395501053,-0.9654057164555341,1.1768797112219964,-1.020030653242631,2.625630141177171,0.5111459322631292,-0.524844185802529,0.8936224880110957,1
-0.1443553696212395,0.010914094619033587,-0.07949412737431338,0.9341829650919644,-1.3499152636957092,-0.030919664005833864,0.017640408041835955,0.05903176270486304,-0.41990312468246144,0.7646992682577389,-1.119040773275156,1
-0.13723223704441304,0.13708319665454582,0.6599861272704549,0.9002341557897787,0.6508378041472364,-0.030919664005833864,2.09298253061077,-0.7965010301192396,-0.41990312468246144,-0.524844185802529,0.8936224880110957,1
-1.0907144119711314,0.11184937624744364,-0.638844576400484,-1.0348479744348056,-0.8155121641415677,1.7807793988359113,-1.020030653242631,0.9145645555289657,0.5111459322631292,-0.524844185802529,0.8936224880110957,1
0.014388727805192719,0.5838152764543615,0.85907696505943,1.3823072478808156,0.937590686834825,-0.030919664005833864,0.017640408041835955,-0.7965010301192396,0.5111459322631292,-0.524844185802529,-1.119040773275156,1
0.4326183691017576,1.2492404664490662,-0.04157206303355602,0.7983877278832217,0.39015336534033784,1.6599994613131277,1.055311469326303,-1.6520338229433422,-1.350952181628052,0.7646992682577389,-1.119040773275156,1
-0.7762789882226194,0.15857867329763353,0.35660961254439594,-0.5459851204833316,-0.7698923873503603,-0.8763792266653144,0.017640408041835955,0.05903176270486304,-0.41990312468246144,0.7646992682577389,0.8936224880110957,1
-0.24306163532870262,-0.883484650921602,-0.7715718015931351,-0.661411072110763,0.01867804004050733,0.45220008608529794,-1.020030653242631,-0.7965010301192396,0.5111459322631292,-0.524844185802529,-1.119040773275156,0
-0.49542404662200595,0.38755222884356305,-0.7715718015931351,-1.3811258293170996,-2.3665845750426135,-2.929638164552625,0.017640408041835955,0.05903176270486304,-1.350952181628052,-0.524844185802529,0.8936224880110957,0
-0.09958139342404054,0.0576433916692235,0.9254405776557556,1.6674772460191754,1.4003055657170695,-0.15169960152861695,0.017640408041835955,0.05903176270486304,-0.41990312468246144,0.7646992682577389,0.8936224880110957,1
1.6791665700465073,0.2828786034511385,0.8021938685482943,1.0971372497424556,-0.3462801742891502,-0.030919664005833864,0.017640408041835955,0.9145645555289657,0.5111459322631292,-0.524844185802529,0.8936224880110957,1
0.28812053682897976,-1.9433051080199089,-1.767025990538015,0.11941154183950786,0.8528682442225832,0.45220008608529794,0.017640408041835955,2.625630141177171,-1.350952181628052,0.7646992682577389,0.8936224880110957,1
1.10219283132351,-0.05731067907424405,-0.29754599733366843,1.056398678579833,-2.3665845750426135,1.297659648744779,1.055311469326303,-0.7965010301192396,0.5111459322631292,-0.524844185802529,0.8936224880110957,1
-0.42215754011749834,-0.5115194464020899,-0.08897464345950251,0.38421225439655626,0.01867804004050733,0.45220008608529794,0.017640408041835955,-0.7965010301192396,-0.41990312468246144,-0.524844185802529,-1.119040773275156,1
-0.22881537017504827,1.9670024691399826,2.063102507878477,1.0767679641611443,2.1953931040781103,1.5392195237903452,1.055311469326303,1.7700973483530684,2.3732440461543107,0.7646992682577389,0.8936224880110957,1
-0.006980669925288067,1.567934272331361,1.4279079301707913,-0.3898205976932775,-0.05952729160156148,-0.8763792266653144,0.017640408041835955,-0.7965010301192396,-0.41990312468246144,-0.524844185802529,-1.119040773275156,1
1.0116272885609936,0.6305445735045514,0.5082978699074254,2.1834991474123977,-1.4998088160096763,1.7807793988359113,-1.020030653242631,-1.6520338229433422,0.5111459322631292,0.7646992682577389,-1.119040773275156,1
-0.5025471791988338,-0.883484650921602,0.21440187126655558,0.520007491605299,0.23374270205619932,1.0560997736992128,-1.020030653242631,-0.7965010301192396,0.5111459322631292,-0.524844185802529,0.8936224880110957,1
-0.9401110374896436,0.03427874314412854,-0.48715631903745443,-0.5052465493207088,1.1722066817610333,1.0560997736992128,0.017640408041835955,-0.7965010301192396,1.4421949892087198,-0.524844185802529,0.8936224880110957,1
0.4488998149916493,1.4473726859418705,1.7218039288116596,1.8643803399718524,1.7782980019870722,1.9015593363586938,-1.020030653242631,0.05903176270486304,-0.41990312468246144,-0.524844185802529,-1.119040773275156,1
-0.7009773009818759,0.4791416510619356,-0.22170186865215372,-0.6885701195525116,-0.9719228274257067,-1.1179391017108806,-1.020030653242631,0.05903176270486304,-1.350952181628052,-0.524844185802529,0.8936224880110957,0
-0.638904288526668,-1.83769689668648,-0.40183167427075056,-0.2879741697867204,0.07081492780188776,0.3314201485625154,0.017640408041835955,0.9145645555289657,-1.350952181628052,-0.524844185802529,0.8936224880110957,1
0.24029378952742478,-1.7535841619961383,0.85907696505943,2.4007715269463863,1.0027617965365496,1.0560997736992128,-1.020030653242631,0.05903176270486304,-0.41990312468246144,0.7646992682577389,0.8936224880110957,1
-1.327812967742664,0.7726016365371283,0.015311033477579613,-0.2540253604845347,1.2764804572837933,1.0560997736992128,0.017640408041835955,0.05903176270486304,2.3732440461543107,-0.524844185802529,0.8936224880110957,1
1.1052456024278632,0.6062453390384521,0.015311033477579613,-0.6410417865294515,0.23374270205619932,-1.3594989767564467,1.055311469326303,0.05903176270486304,-0.41990312468246144,-0.524844185802529,0.8936224880110957,1
-0.10670452600086844,0.2782056737461198,1.6364792840449556,-0.267604884205409,0.03822937295102546,0.08986027351694922,0.017640408041835955,0.05903176270486304,-0.41990312468246144,3.343786176378275,-1.119040773275156,1
1.3545552426168135,1.4529802015878934,0.7453107720371587,0.11262177997907073,-0.47010528272242685,-1.3594989767564467,2.09298253061077,0.9145645555289657,-1.350952181628052,-0.524844185802529,-1.119040773275156,1
1.6577971723160265,0.6202641281535096,0.05323309781833698,-0.00959393350879775,-1.0370939371274313,0.08986027351694922,0.017640408041835955,-1.6520338229433422,-0.41990312468246144,-0.524844185802529,0.8936224880110957,1
-0.693854168405048,-0.10217080424242674,-0.0036499986927986494,-0.9397913083886856,-1.1218163797396732,0.9353198361764303,1.055311469326303,0.05903176270486304,-1.350952181628052,-0.524844185802529,0.8936224880110957,1
0.39394993511326787,0.10250351683740486,-0.49663683512264445,0.07867297067688504,-0.8676490519029472,-0.3932594765741826,1.055311469326303,0.9145645555289657,-1.350952181628052,-0.524844185802529,-1.119040773275156,1
1.174441747459899,-0.4161916804197029,0.6220640629296975,-0.9126322609469371,0.4227389201912002,0.572980023608081,1.055311469326303,-0.7965010301192396,1.4421949892087198,0.7646992682577389,0.8936224880110957,1
-0.06091295943555082,0.3174582832682782,-0.07001361128912426,-1.0687967837369912,0.8854537990734456,0.572980023608081,0.017640408041835955,0.05903176270486304,-0.41990312468246144,-0.524844185802529,-1.119040773275156,1
-1.467222848174852,-0.7900260568212222,-0.9327405750413538,0.4317405874196162,1.5110964522100017,0.572980023608081,-1.020030653242631,0.05903176270486304,-0.41990312468246144,-0.524844185802529,0.8936224880110957,1
-2.1408676718690756,-0.7946989865262408,-1.4162468953860095,-1.6527163037345851,-0.9719228274257067,0.9353198361764303,0.017640408041835955,-0.7965010301192396,-1.350952181628052,-0.524844185802529,-1.119040773275156,0
0.7796166846300523,1.6240094287915885,2.7267386338417294,1.3347789148577556,1.882571777509832,0.572980023608081,-1.020030653242631,0.9145645555289657,-0.41990312468246144,-0.524844185802529,-1.119040773275156,1
-0.8078242896342828,-0.3937616178356122,-1.1507924450007079,-1.2860691632709798,-1.3955350404869167,-0.5140394140969656,1.055311469326303,-0.7965010301192396,1.4421949892087198,0.7646992682577389,0.8936224880110957,0
-0.6358515174223135,0.3482996193214047,-0.9137795428709746,0.764438918581036,1.361202899896035,-1.6010588518020124,-1.020030653242631,0.05903176270486304,0.5111459322631292,0.7646992682577389,0.8936224880110957,0
0.07747933062851928,1.1408284972926246,2.7267386338417294,2.590884859038626,0.7876971345208587,-0.2724795390513995,2.09298253061077,0.9145645555289657,-0.41990312468246144,-0.524844185802529,0.8936224880110957,1
0.38275644106396817,0.1819433218227285,1.2382976084670037,1.8372212925301037,1.5110964522100017,0.6937599611308641,0.017640408041835955,1.7700973483530684,-0.41990312468246144,-0.524844185802529,-1.119040773275156,1
-0.5157758539843695,-1.6489105366037125,-1.2930001862785483,-0.1453891707175405,0.09688337168257706,0.3314201485625154,1.055311469326303,0.05903176270486304,-1.350952181628052,-0.524844185802529,-1.119040773275156,1
-2.5743611686874135,-0.6470344078476409,-1.3214417345341156,-0.07749155211316913,-0.5483106143644966,0.572980023608081,-1.020030653242631,0.05903176270486304,0.5111459322631292,-0.524844185802529,0.8936224880110957,0
-0.2186394664938658,0.3445612755573889,0.11011619432947345,0.8323365371854073,-1.473740372128986,-0.030919664005833864,-1.020030653242631,2.625630141177171,-1.350952181628052,-0.524844185802529,-1.119040773275156,1
-0.009015850661523987,1.0922300283604274,0.7168692237815905,-0.002804171648360612,2.0389824407939705,0.2106402110397323,3.130653591895237,-0.7965010301192396,0.5111459322631292,-0.524844185802529,-1.119040773275156,1
-0.6948717587731668,-0.4460984305318238,-0.45871477078188705,-0.416979645135026,1.7326782251958657,0.9353198361764303,0.017640408041835955,-0.7965010301192396,1.4421949892087198,0.7646992682577389,-1.119040773275156,1
-0.608376577483122,0.0987651730733904,-1.463649475811956,-1.5101313046654052,-0.7373068324994979,0.2106402110397323,0.017640408041835955,-0.7965010301192396,-0.41990312468246144,-0.524844185802529,0.8936224880110957,0
1.3708366885067038,0.2557756111620278,0.8211549007186735,1.15824510648639,-0.8155121641415677,0.6937599611308641,-1.020030653242631,-0.7965010301192396,-1.350952181628052,-0.524844185802529,-1.119040773275156,1
-1.2575992323425103,-1.4077873638247327,-0.6293640603152948,-2.7119191539627785,-0.0790786245120796,-0.7555992891425318,0.017640408041835955,0.05903176270486304,1.4421949892087198,-0.524844185802529,0.8936224880110957,0
-0.31022259962450105,0.6034415812154407,1.2382976084670037,-0.1453891707175405,2.1953931040781103,1.1768797112219964,0.017640408041835955,0.9145645555289657,2.3732440461543107,3.343786176378275,0.8936224880110957,1
-0.20439320134021144,1.8296183358124243,1.0866093511039743,0.49284844416355045,1.0157960184768948,0.08986027351694922,1.055311469326303,0.9145645555289657,-0.41990312468246144,0.7646992682577389,-1.119040773275156,1
-1.5506652583605414,-1.0750747688273803,-1.7765065066232042,-2.718708915823216,0.8398340222822381,0.3314201485625154,2.09298253061077,0.05903176270486304,-0.41990312468246144,-0.524844185802529,0.8936224880110957,1
-0.884143567243145,-0.009646796083051195,-0.7146887050819987,-0.3830308358328403,-0.21593795488570094,0.8145398986536466,0.017640408041835955,-1.6520338229433422,1.4421949892087198,-0.524844185802529,-1.119040773275156,1
1.7025711485132253,-1.0208687842491602,0.2333629034369347,0.2959453502108734,-1.8321814754884713,-0.9971591641880975,1.055311469326303,0.9145645555289657,1.4421949892087198,3.343786176378275,-1.119040773275156,0
-0.38247151576088995,0.23708389234195157,-0.15533825605582813,0.3366839213734963,1.2113093475820687,1.9015593363586938,1.055311469326303,1.7700973483530684,0.5111459322631292,-0.524844185802529,-1.119040773275156,1
1.6038648828057638,-0.8339515960484005,0.5272589020778037,1.3823072478808156,0.513978473773615,0.8145398986536466,0.017640408041835955,-0.7965010301192396,0.5111459322631292,2.054242722318007,-1.119040773275156,1
2.5848219976716726,-0.14796551535161237,2.1673881848155587,1.4705741520664983,2.1953931040781103,-1.1179391017108806,-1.020030653242631,0.05903176270486304,1.4421949892087198,-0.524844185802529,0.8936224880110957,1
0.6035735509456097,-0.12179710900350592,0.49881735382223624,0.058303685095573626,-0.22897217682604606,-1.2387190392336636,1.055311469326303,0.05903176270486304,-0.41990312468246144,-0.524844185802529,0.8936224880110957,1
0.029652583326965742,-0.019927241434092923,-0.8948185107005964,0.3638429688152448,1.6414386716134508,-0.2724795390513995,0.017640408041835955,0.05903176270486304,-0.41990312468246144,-0.524844185802529,0.8936224880110957,1
-0.9146712782866896,-1.3264783869574024,-0.9137795428709746,-0.24723559862409758,0.10340048265275008,-0.6348193516197488,-1.020030653242631,1.7700973483530684,-1.350952181628052,-0.524844185802529,-1.119040773275156,1
-2.0910057438312863,-0.6928291189568272,-0.43975373861150796,0.3570532069548077,-1.0436110480976037,-0.6348193516197488,-1.020030653242631,1.7700973483530684,-1.350952181628052,2.054242722318007,-1.119040773275156,0
0.17211523486350913,0.5884882061593801,0.015311033477579613,-1.2181715446666084,-0.1377326232436312,-0.6348193516197488,-1.020030653242631,-0.7965010301192396,-1.350952181628052,-0.524844185802529,0.8936224880110957,1
-0.6999597106137573,0.7800783240651585,-0.20274083648177463,1.0428191548589587,-0.639550167946911,-0.2724795390513995,-1.020030653242631,-0.7965010301192396,-0.41990312468246144,-0.524844185802529,0.8936224880110957,1
-0.95333971227518,0.6632550814396838,-0.25014341690772113,-0.43734893071633746,-0.7307897215293254,-0.030919664005833864,1.055311469326303,0.05903176270486304,-0.41990312468246144,-0.524844185802529,0.8936224880110957,1
-0.05277223649060569,0.3118507676222565,0.1859603230109882,-1.0959558311787398,0.7876971345208587,0.572980023608081,0.017640408041835955,2.625630141177171,-0.41990312468246144,-0.524844185802529,0.8936224880110957,1
-1.1090310385972584,0.5707310732803083,0.38505116079996415,-0.45771821629764886,0.9050051319839627,-0.6348193516197488,-1.020030653242631,1.7700973483530684,0.5111459322631292,-0.524844185802529,-1.119040773275156,1
-0.6327987463179588,-1.3376934182494478,-0.013130514777987781,0.9409727269524015,1.2634462353434481,1.9015593363586938,2.09298253061077,0.9145645555289657,-1.350952181628052,-0.524844185802529,-1.119040773275156,1
1.419681026176376,-0.0778715697763275,0.9538821259113247,0.010775352072513664,2.1171877724360404,-0.9971591641880975,-1.020030653242631,0.05903176270486304,-0.41990312468246144,-0.524844185802529,0.8936224880110957,1
1.242620302123816,-1.3423663479544665,-0.7336497372523778,-1.102745593039177,-1.1804703784712252,0.572980023608081,-1.020030653242631,0.05903176270486304,0.5111459322631292,2.054242722318007,0.8936224880110957,0
0.662593792296463,0.4473657290678062,-0.10793567562988161,-0.22007655118234903,-0.8937174957836369,0.572980023608081,0.017640408041835955,0.05903176270486304,-1.350952181628052,-0.524844185802529,0.8936224880110957,1
-0.10873970673710436,-0.32366767226032733,0.3376485803740177,-0.267604884205409,0.194640036235164,1.6599994613131277,2.09298253061077,0.9145645555289657,-1.350952181628052,0.7646992682577389,-1.119040773275156,1
-1.5781401982997314,0.030540399380112764,0.5557004503333719,1.2736710581138213,1.9021231104203493,1.9015593363586938,0.017640408041835955,0.9145645555289657,-0.41990312468246144,-0.524844185802529,0.8936224880110957,1
0.44584704388729474,1.8071882732283335,1.0866093511039743,-0.7428882144360086,1.543682007060864,-1.2387190392336636,0.017640408041835955,-0.7965010301192396,-0.41990312468246144,-0.524844185802529,0.8936224880110957,1
0.1690624637591545,-0.22366697657292023,0.49881735382223624,1.7353748646235467,0.513978473773615,-0.5140394140969656,0.017640408041835955,1.7700973483530684,0.5111459322631292,-0.524844185802529,-1.119040773275156,1
-0.35499657582169997,-0.44983677429583957,0.35660961254439594,0.3638429688152448,-0.431002616901392,-0.2724795390513995,1.055311469326303,0.05903176270486304,-0.41990312468246144,-0.524844185802529,0.8936224880110957,1
-0.32243368404191797,-0.8330170101073969,-0.8853379946154064,-0.18612774188016334,-2.3665845750426135,-0.9971591641880975,1.055311469326303,0.05903176270486304,0.5111459322631292,-0.524844185802529,-1.119040773275156,1
0.3186482478725244,-1.7769488105212332,0.9444016098261339,0.6490129669536047,-0.5157250595136343,-0.9971591641880975,-1.020030653242631,-0.7965010301192396,0.5111459322631292,-0.524844185802529,0.8936224880110957,1
-0.8882139287156176,0.40811311954564783,-0.5061173512078335,0.22125796974606493,-1.6562194792938152,0.3314201485625154,1.055311469326303,0.05903176270486304,-1.350952181628052,-0.524844185802529,-1.119040773275156,1
-1.043905255037696,1.0015751920830591,-0.43975373861150796,-0.6817803576920743,0.07733203877205987,0.3314201485625154,3.130653591895237,0.05903176270486304,1.4421949892087198,-0.524844185802529,-1.119040773275156,1
-0.18505898434596657,0.5062446433510464,0.35660961254439594,-1.5305005902467166,0.6769062480279265,-1.6010588518020124,0.017640408041835955,0.05903176270486304,0.5111459322631292,0.7646992682577389,-1.119040773275156,1
-0.07312404385296924,1.0165285671391195,0.35660961254439594,0.3502634450943706,-0.25504062070673583,-1.1179391017108806,-1.020030653242631,0.9145645555289657,-0.41990312468246144,-0.524844185802529,-1.119040773275156,1
-0.580901637543932,-1.1311499252876083,0.005830517392390482,-1.2792794014105424,0.3966704763105109,-0.3932594765741826,-1.020030653242631,-0.7965010301192396,-0.41990312468246144,0.7646992682577389,-1.119040773275156,0
-0.4038409134913722,-0.8928305103316401,-0.0036499986927986494,0.4113713018383048,-0.0790786245120796,-0.7555992891425318,1.055311469326303,-0.7965010301192396,-0.41990312468246144,-0.524844185802529,0.8936224880110957,1
0.8895164443868137,-1.0657289094173428,0.1764798069257982,-0.002804171648360612,0.8984880210137898,-0.6348193516197488,1.055311469326303,0.05903176270486304,-0.41990312468246144,-0.524844185802529,0.8936224880110957,1
0.3105075249275792,0.9511075512688535,-0.8379354141894599,-1.2249613065270455,-1.1544019345905354,0.3314201485625154,0.017640408041835955,0.9145645555289657,-0.41990312468246144,-0.524844185802529,0.8936224880110957,1
0.803021263096769,-0.028338514903126097,0.4229732251407215,-0.24723559862409758,0.201157147205337,-0.9971591641880975,1.055311469326303,-1.6520338229433422,0.5111459322631292,-0.524844185802529,-1.119040773275156,1
-0.21965705686198447,0.1380177825955501,0.2333629034369347,0.8866546320689045,0.8919709100436176,0.2106402110397323,1.055311469326303,-0.7965010301192396,0.5111459322631292,-0.524844185802529,-1.119040773275156,1
-0.30920500925638233,0.3950289163715946,-0.6672861246560522,0.3502634450943706,0.6312864712367191,1.6599994613131277,-1.020030653242631,-0.7965010301192396,0.5111459322631292,-0.524844185802529,-1.119040773275156,1
0.9220793361665942,-0.07974074165833606,1.0012847063372703,0.13299106556038215,1.1982751256417234,1.9015593363586938,2.09298253061077,0.05903176270486304,-0.41990312468246144,0.7646992682577389,-1.119040773275156,1
-0.5330748902423784,-0.3872195162485849,-1.1507924450007079,0.22804773160650207,1.5045793412398294,0.572980023608081,-1.020030653242631,0.05903176270486304,-1.350952181628052,4.633329630438543,-1.119040773275156,0
1.5346687377737294,0.14175612635956453,0.1764798069257982,0.5064279678844247,-1.0436110480976037,-0.2724795390513995,-1.020030653242631,0.05903176270486304,0.5111459322631292,-0.524844185802529,-1.119040773275156,1
-0.18404139397784788,1.3389607167854303,1.5606351553634408,2.0680731957849665,1.7196440032555205,1.0560997736992128,-1.020030653242631,-0.7965010301192396,-1.350952181628052,-0.524844185802529,-1.119040773275156,1
-0.6857134454601029,-0.1526384450566311,-0.5440394155485909,-0.9601605939699971,0.8789366881032725,0.3314201485625154,-1.020030653242631,1.7700973483530684,-0.41990312468246144,-0.524844185802529,0.8936224880110957,1
0.7623176483720433,-1.3676001683615695,-0.10793567562988161,0.22804773160650207,-1.64318525735347,-0.030919664005833864,-1.020030653242631,-0.7965010301192396,-0.41990312468246144,3.343786176378275,-1.119040773275156,0
0.5007969237656748,0.32119662703229396,1.0392067706780286,0.764438918581036,0.5791495834753396,-0.7555992891425318,1.055311469326303,-1.6520338229433422,0.5111459322631292,-0.524844185802529,0.8936224880110957,1
0.4488998149916493,0.7959662850622232,-0.33546806167442583,0.24841701718781348,0.14902025944395658,-0.15169960152861695,1.055311469326303,-0.7965010301192396,-0.41990312468246144,3.343786176378275,-1.119040773275156,0
1.069629939543728,-1.5395639815062678,-1.055987284148815,-1.7681422553620165,0.7355602467594782,1.0560997736992128,-1.020030653242631,1.7700973483530684,-1.350952181628052,-0.524844185802529,0.8936224880110957,1
-0.28987079226213747,-0.6376885484376028,-0.9422210911265428,-0.00959393350879775,1.0940013501189636,0.3314201485625154,1.055311469326303,2.625630141177171,-1.350952181628052,2.054242722318007,-1.119040773275156,1
0.7501065639546249,0.1754012202357012,0.005830517392390482,1.1786143920677015,-0.7764094983205327,-1.3594989767564467,0.017640408041835955,0.05903176270486304,2.3732440461543107,-0.524844185802529,0.8936224880110957,1
-0.14944332146183145,-0.49095855570000646,-0.5914419959745374,-0.85831416606344,-1.0827137139186382,1.297659648744779,0.017640408041835955,0.9145645555289657,-0.41990312468246144,3.343786176378275,0.8936224880110957,0
1.0818410239611465,1.6137289834405466,2.271673861752641,-0.00959393350879775,1.752229558106383,0.572980023608081,-1.020030653242631,2.625630141177171,-1.350952181628052,-0.524844185802529,-1.119040773275156,1
0.09579595725464692,1.0819495830093857,0.8875185133149991,-0.3287127409493432,0.9180393539243079,-0.7555992891425318,-1.020030653242631,0.05903176270486304,0.5111459322631292,-0.524844185802529,0.8936224880110957,1
0.434653549837995,-0.05170316342822105,-0.6293640603152948,-1.0416377362952427,-0.6525843898872561,1.1768797112219964,-1.020030653242631,0.05903176270486304,2.3732440461543107,-0.524844185802529,0.8936224880110957,1
-1.2616695938149827,0.3193274551502867,-1.0180652198080575,-1.204592020945734,-1.2521585991431223,-1.2387190392336636,-1.020030653242631,0.9145645555289657,-0.41990312468246144,-0.524844185802529,0.8936224880110957,0
-0.3326095877231005,1.1529781145256748,0.3945316768851533,-0.002804171648360612,0.36408492145964855,0.572980023608081,0.017640408041835955,0.9145645555289657,-1.350952181628052,-0.524844185802529,-1.119040773275156,1
-0.8892315190837355,0.6557783939116535,0.1859603230109882,-1.1570636879226741,0.8072484674313758,0.6937599611308641,2.09298253061077,0.9145645555289657,-0.41990312468246144,0.7646992682577389,-1.119040773275156,1
0.5170783696555664,-0.20310608587083678,-0.7620912855079451,-0.42376940699546317,1.8760546665396591,0.8145398986536466,1.055311469326303,0.05903176270486304,-0.41990312468246144,2.054242722318007,-1.119040773275156,1
-0.07515922458920515,-0.5872209076233977,-1.0844288324043823,0.10583201811863359,0.4422902531017174,-0.6348193516197488,0.017640408041835955,2.625630141177171,1.4421949892087198,0.7646992682577389,0.8936224880110957,1
1.0879465661698557,-0.2610504142130727,0.9349210937409447,1.165034868346827,-0.2224550658558735,-1.4802789142792292,-1.020030653242631,0.9145645555289657,1.4421949892087198,-0.524844185802529,-1.119040773275156,1
0.42244246542057656,1.3174652401423426,0.7168692237815905,1.1446655827655157,-1.0892308248888107,-2.32573847693871,0.017640408041835955,1.7700973483530684,-0.41990312468246144,-0.524844185802529,-1.119040773275156,1
-0.7081004335587023,0.889424879162603,-0.8663769624450282,-1.007688926993057,-1.753976143846402,0.9353198361764303,1.055311469326303,-0.7965010301192396,0.5111459322631292,0.7646992682577389,0.8936224880110957,0
0.9169913843260037,1.1595202161127007,1.4373884462559805,2.1223912906684634,0.8724195771331005,0.8145398986536466,-1.020030653242631,0.9145645555289657,0.5111459322631292,-0.524844185802529,0.8936224880110957,1
0.17516800596786228,-0.4928277275820137,0.7073887076964014,-0.5731441679250802,1.2634462353434481,-1.1179391017108806,0.017640408041835955,-0.7965010301192396,0.5111459322631292,0.7646992682577389,0.8936224880110957,1
0.8915516251230496,-0.5059119307560669,2.186349216985937,0.6625924906744789,0.23374270205619932,1.1768797112219964,-1.020030653242631,-0.7965010301192396,0.5111459322631292,0.7646992682577389,-1.119040773275156,1
1.3392913870950418,-0.9003071978596703,-0.5630004477189692,-1.408284876758848,-1.5128430379500208,-0.2724795390513995,1.055311469326303,1.7700973483530684,-0.41990312468246144,-0.524844185802529,-1.119040773275156,1
0.5526940325397015,1.0436315594282304,0.24284341952212382,0.7440696329997245,-0.4440368388417371,-0.030919664005833864,0.017640408041835955,-0.7965010301192396,-0.41990312468246144,-0.524844185802529,0.8936224880110957,1
-0.15453127330242197,0.24549516581098607,1.0392067706780286,0.1397808274208193,-0.2876261755575981,-0.8763792266653144,0.017640408041835955,0.05903176270486304,0.5111459322631292,-0.524844185802529,0.8936224880110957,1
1.0879465661698557,0.4539078306548334,-0.04157206303355602,0.49284844416355045,0.5204955847437871,0.45220008608529794,-1.020030653242631,-0.7965010301192396,-0.41990312468246144,-0.524844185802529,0.8936224880110957,1
1.8857374147744943,-0.09282494483238929,0.9633626419965138,0.5471665390470476,-0.22897217682604606,-0.8763792266653144,1.055311469326303,0.05903176270486304,0.5111459322631292,2.054242722318007,0.8936224880110957,1
2.106554524656136,-1.3003099806092961,-0.3544290938448041,0.47247915858223904,-0.6069646130960487,1.9015593363586938,1.055311469326303,0.05903176270486304,0.5111459322631292,-0.524844185802529,0.8936224880110957,1
0.4214248750524579,1.1025104737114693,1.2193365762966255,0.5471665390470476,1.543682007060864,-0.2724795390513995,-1.020030653242631,-1.6520338229433422,0.5111459322631292,0.7646992682577389,-1.119040773275156,1
0.9943282523029846,0.723068581663927,0.252323935607313,-1.9786248730355678,0.26632825690706163,-1.2387190392336636,2.09298253061077,0.9145645555289657,-1.350952181628052,-0.524844185802529,0.8936224880110957,1
1.695448015936399,0.5585814560472593,0.1764798069257982,-0.2743946460658461,0.12295181556326729,0.8145398986536466,0.017640408041835955,0.05903176270486304,-0.41990312468246144,-0.524844185802529,0.8936224880110957,1
-0.9004250131330352,-1.1601220894587263,-0.9422210911265428,-1.6119777325719622,-0.483139504662772,-0.2724795390513995,2.09298253061077,-0.7965010301192396,0.5111459322631292,-0.524844185802529,0.8936224880110957,1
-0.95333971227518,0.34082293179337314,-0.6957276729116204,-1.1706432116435483,-0.8024779422012226,-0.030919664005833864,0.017640408041835955,0.9145645555289657,-0.41990312468246144,3.343786176378275,-1.119040773275156,0
1.5448446414549104,-0.9928312060190465,0.15751877475541995,-0.6817803576920743,1.1852409037013785,-0.2724795390513995,0.017640408041835955,-0.7965010301192396,-1.350952181628052,-0.524844185802529,-1.119040773275156,1
-0.5798840471758133,1.5548500691573077,1.1245314154447323,0.22804773160650207,-0.8611319409327746,0.8145398986536466,0.017640408041835955,-0.7965010301192396,-0.41990312468246144,0.7646992682577389,-1.119040773275156,1
0.6005207798412551,-1.965735170604,0.36609012862958507,-1.306438448852291,1.1656895707908612,0.08986027351694922,0.017640408041835955,-0.7965010301192396,-1.350952181628052,-0.524844185802529,0.8936224880110957,1
-0.26951898489977394,0.4174589789556853,-0.07949412737431338,-0.3490820265306546,-1.6040825915324353,-1.3594989767564467,-1.020030653242631,0.05903176270486304,0.5111459322631292,-0.524844185802529,0.8936224880110957,1
-0.5951479026975863,0.6221333000355168,0.005830517392390482,0.04472416137469935,-0.026941736750699167,0.8145398986536466,1.055311469326303,0.05903176270486304,0.5111459322631292,-0.524844185802529,0.8936224880110957,1
-0.9431638085939983,0.17166287647168677,-0.648325092485673,0.6082743957909817,0.33149936660878626,1.297659648744779,1.055311469326303,0.9145645555289657,-1.350952181628052,-0.524844185802529,-1.119040773275156,1
0.347140778179833,0.13521402477253858,1.1624534797854889,0.7848082041623474,1.6218873387029336,0.3314201485625154,0.017640408041835955,0.05903176270486304,1.4421949892087198,-0.524844185802529,-1.119040773275156,1
-1.7409546571986376,0.2567101971030321,-1.0085847037228686,-0.13859940885710337,-0.1703181780944935,-1.4802789142792292,-1.020030653242631,0.05903176270486304,-0.41990312468246144,-0.524844185802529,-1.119040773275156,0
1.0553836743900737,-1.5741436613234088,-0.6198835442301056,-0.6682008339712001,-1.317329708844847,-0.030919664005833864,-1.020030653242631,1.7700973483530684,0.5111459322631292,3.343786176378275,-1.119040773275156,0
-0.4618435644741068,0.5071792292920493,-0.1932603203965855,-0.08428131397360626,-0.3071775084681153,0.3314201485625154,-1.020030653242631,1.7700973483530684,-0.41990312468246144,-0.524844185802529,0.8936224880110957,1
0.8834109021781045,-0.16291889040767416,0.10063567824428432,-0.8854732135051885,0.8789366881032725,-1.4802789142792292,-1.020030653242631,0.05903176270486304,-1.350952181628052,-0.524844185802529,0.8936224880110957,1
0.6178198160992641,-1.118065722113555,-1.4257274114711986,0.43853034928005336,-1.4411548172781237,-0.030919664005833864,1.055311469326303,0.05903176270486304,-0.41990312468246144,-0.524844185802529,-1.119040773275156,1
0.19653740369834452,0.3025049082122177,-0.051052579118745146,-0.464507978158086,0.29239670078775093,0.9353198361764303,0.017640408041835955,-0.7965010301192396,-0.41990312468246144,0.7646992682577389,0.8936224880110957,1
-0.7040300720862291,0.04082084473115449,0.4893368377370463,1.5927898655543669,0.40970469825085504,0.08986027351694922,0.017640408041835955,-0.7965010301192396,0.5111459322631292,-0.524844185802529,0.8936224880110957,1
-0.043613923177541876,0.5940957218054032,1.3046612210633293,0.4656893967218019,0.2272255910860263,-0.030919664005833864,0.017640408041835955,0.05903176270486304,-0.41990312468246144,-0.524844185802529,0.8936224880110957,1
0.4081962002669222,-0.5180615479891172,0.4608952894814789,-0.6953598814129487,0.611735138326202,-1.6010588518020124,-1.020030653242631,0.05903176270486304,-0.41990312468246144,0.7646992682577389,-1.119040773275156,1
-0.6297459752136042,-0.4526405321188511,-0.7620912855079451,-0.17254821815928906,0.26632825690706163,1.9015593363586938,0.017640408041835955,0.05903176270486304,-1.350952181628052,-0.524844185802529,0.8936224880110957,1
1.7178350040349983,0.3847484710205529,0.6505056111852648,0.370632730675682,-0.33324595234880505,0.08986027351694922,0.017640408041835955,0.9145645555289657,1.4421949892087198,0.7646992682577389,-1.119040773275156,1
-0.2186394664938658,0.1697937045896782,-0.5250783833782118,-0.40340012141415177,0.33149936660878626,-1.4802789142792292,0.017640408041835955,0.05903176270486304,0.5111459322631292,0.7646992682577389,0.8936224880110957,0
0.7623176483720433,0.8202655195283225,0.972843158081703,2.1699196236915235,-0.1246984013032861,1.9015593363586938,0.017640408041835955,-0.7965010301192396,0.5111459322631292,0.7646992682577389,0.8936224880110957,1
1.47259572531852,0.014652438383048036,0.470375805566668,-0.3830308358328403,-0.24852350973656326,0.572980023608081,0.017640408041835955,-0.7965010301192396,1.4421949892087198,-0.524844185802529,0.8936224880110957,1
-0.7304874216573018,-1.6152654427275759,-2.26001282696786,-0.5459851204833316,-1.753976143846402,0.2106402110397323,0.017640408041835955,-0.7965010301192396,-0.41990312468246144,-0.524844185802529,0.8936224880110957,0
0.9047802999085853,-1.244234824149068,-0.18377980431139634,-0.9873196414117456,-0.2876261755575981,-0.5140394140969656,-1.020030653242631,0.05903176270486304,-0.41990312468246144,-0.524844185802529,-1.119040773275156,1
1.3891533151328312,2.1978451965679207,2.1294661204748007,1.2397222488116355,2.052016662734316,1.7807793988359113,0.017640408041835955,-1.6520338229433422,-0.41990312468246144,-0.524844185802529,-1.119040773275156,1
1.3871181343965955,-0.19095646863778784,-0.6009225120597266,-0.5052465493207088,-2.1841054678777847,-1.2387190392336636,1.055311469326303,0.05903176270486304,-0.41990312468246144,-0.524844185802529,0.8936224880110957,1
-0.07007127274861463,0.2090463141118379,-0.638844576400484,-0.9330015465282485,-0.19638662197518375,0.6937599611308641,-1.020030653242631,-0.7965010301192396,-1.350952181628052,-0.524844185802529,-1.119040773275156,0
-0.6256756137411309,0.7688632927731138,-0.657805608570863,-0.8786834516447514,-0.30066039749794277,-0.2724795390513995,-1.020030653242631,-0.7965010301192396,0.5111459322631292,2.054242722318007,-1.119040773275156,0
-0.240008864224348,1.3314840292574,1.190895028041058,2.455089621829883,-0.31369461943828786,-0.2724795390513995,0.017640408041835955,-0.7965010301192396,-1.350952181628052,-0.524844185802529,-1.119040773275156,1
1.9936019937950198,-0.6171276577355194,1.0297262545928394,-0.3830308358328403,-0.5678619472750138,-2.32573847693871,0.017640408041835955,0.9145645555289657,0.5111459322631292,3.343786176378275,-1.119040773275156,0
-0.21456910502139395,-0.1778722654637346,0.05323309781833698,0.24162725532737636,-2.1189343581760602,-2.2049585394159275,0.017640408041835955,-0.7965010301192396,-0.41990312468246144,2.054242722318007,0.8936224880110957,0
0.3695277662784325,-0.7283433847149712,0.7832328363779161,1.1310860590446414,0.39015336534033784,-0.2724795390513995,2.09298253061077,0.05903176270486304,-0.41990312468246144,2.054242722318007,0.8936224880110957,1
-0.9207768204953988,-2.1124651633415965,-1.9755973444121802,-1.1231148786204883,-0.906751717723982,-1.8426187268475784,-1.020030653242631,-0.7965010301192396,-0.41990312468246144,-0.524844185802529,-1.119040773275156,0
1.3291154834138594,-0.7946989865262408,-0.29754599733366843,-1.1231148786204883,-0.039975958691044276,-1.1179391017108806,-1.020030653242631,0.05903176270486304,0.5111459322631292,-0.524844185802529,0.8936224880110957,1
0.792845359415588,-0.9292793620307883,1.6080377357893882,0.7508593948601617,0.37711914339999275,0.8145398986536466,0.017640408041835955,-1.6520338229433422,0.5111459322631292,-0.524844185802529,-1.119040773275156,1
-1.2270715212989656,0.9165278714517138,0.8685574811446192,2.489038431132069,-0.09211284645242379,-0.8763792266653144,0.017640408041835955,-1.6520338229433422,-0.41990312468246144,-0.524844185802529,0.8936224880110957,1
-0.08838789937474081,1.2417637789210347,0.6884276755260222,1.3211993911368813,-0.5157250595136343,-0.5140394140969656,0.017640408041835955,-0.7965010301192396,0.5111459322631292,-0.524844185802529,-1.119040773275156,1
0.21994198216506267,0.44082362748078024,-0.12689670780025988,-0.3355025028097804,0.5400469176543043,0.572980023608081,-1.020030653242631,0.05903176270486304,-0.41990312468246144,-0.524844185802529,0.8936224880110957,1
0.20773089774764425,-0.6545110953756711,-2.487545213012404,-1.4150746386192852,-0.2094208439155284,-0.8763792266653144,0.017640408041835955,0.9145645555289657,-0.41990312468246144,-0.524844185802529,0.8936224880110957,0
-0.14028500814876765,-0.38908868813059216,0.11011619432947345,-0.7836267855986314,-0.7373068324994979,-0.6348193516197488,-1.020030653242631,0.05903176270486304,-0.41990312468246144,2.054242722318007,0.8936224880110957,0
1.470560544582284,1.3735403966025712,1.901933734430258,0.9749215362545872,-0.6460672789170836,-0.5140394140969656,-1.020030653242631,0.9145645555289657,-0.41990312468246144,-0.524844185802529,0.8936224880110957,1
0.7562121061633341,-0.6965674627208424,-0.21222135256696376,1.008870345556773,0.2467769239965435,0.572980023608081,1.055311469326303,-0.7965010301192396,0.5111459322631292,-0.524844185802529,-1.119040773275156,1
0.37461571811902306,0.5772731748673342,0.24284341952212382,0.764438918581036,-0.118181290333114,1.4184395862675616,-1.020030653242631,0.05903176270486304,1.4421949892087198,-0.524844185802529,0.8936224880110957,1
-0.5666553723902776,0.28474777533314577,1.1245314154447323,0.8391262990458445,-0.8806832738432923,-1.8426187268475784,0.017640408041835955,-1.6520338229433422,-1.350952181628052,-0.524844185802529,-1.119040773275156,1
-0.23492091238375604,-0.12366628088551447,-1.1697534771710871,0.17372963672300498,0.2141913691456812,0.45220008608529794,-1.020030653242631,0.05903176270486304,1.4421949892087198,-0.524844185802529,-1.119040773275156,1
-0.3885770579695992,-0.44142550082680504,-0.27858496516328934,-0.3219229790889061,-1.1413677126501909,-1.6010588518020124,-1.020030653242631,0.05903176270486304,2.3732440461543107,-0.524844185802529,0.8936224880110957,0
1.5346687377737294,-0.3554435942544555,1.0202457385076487,1.5792103418334924,-0.639550167946911,-0.8763792266653144,0.017640408041835955,0.05903176270486304,0.5111459322631292,-0.524844185802529,0.8936224880110957,1
0.3603694529653687,-1.0975048314114717,-0.7431302533375669,0.05151392323513649,-0.3071775084681153,0.08986027351694922,1.055311469326303,0.9145645555289657,-0.41990312468246144,-0.524844185802529,0.8936224880110957,1
1.084893795065501,-0.4358179851807821,1.1245314154447323,0.7033310618371017,0.1555373704141296,0.8145398986536466,-1.020030653242631,0.05903176270486304,-0.41990312468246144,-0.524844185802529,-1.119040773275156,1
-0.09144067047909542,-1.0713364250633652,-0.9801431554673002,-0.11144036141535482,-1.0240597151870863,0.45220008608529794,1.055311469326303,1.7700973483530684,0.5111459322631292,-0.524844185802529,0.8936224880110957,1
0.3695277662784325,-1.0423642608922479,-0.032091546948366884,-0.42376940699546317,-0.3984170620505297,1.4184395862675616,0.017640408041835955,-0.7965010301192396,0.5111459322631292,-0.524844185802529,-1.119040773275156,1
-0.6470450114716132,-0.19656398428381083,0.11011619432947345,0.45889963486136476,-0.3462801742891502,-1.4802789142792292,-1.020030653242631,-0.7965010301192396,-0.41990312468246144,-0.524844185802529,0.8936224880110957,1
1.1255974097902268,-0.06759112442528578,0.6979081916112122,-0.3015536935075947,1.5306477851205187,-1.8426187268475784,-1.020030653242631,0.9145645555289657,-1.350952181628052,-0.524844185802529,-1.119040773275156,1
0.7735111424213431,-1.8124630762793772,0.4040121929703424,1.20577343950945,0.10340048265275008,1.7807793988359113,0.017640408041835955,0.9145645555289657,-1.350952181628052,-0.524844185802529,-1.119040773275156,1
1.1337381327351719,-0.1834797811097576,0.19544083909617732,-0.5188260730415831,-0.5874132801855315,1.297659648744779,-1.020030653242631,1.7700973483530684,-0.41990312468246144,-0.524844185802529,0.8936224880110957,1
1.5346687377737294,-1.3853573012406413,0.11959671041466259,0.4656893967218019,-0.5874132801855315,-0.5140394140969656,-1.020030653242631,-0.7965010301192396,-1.350952181628052,0.7646992682577389,0.8936224880110957,0
0.2311354762143624,-1.1947017692758666,-1.0654678002340041,-1.0484274981556798,0.07081492780188776,0.3314201485625154,-1.020030653242631,0.05903176270486304,1.4421949892087198,4.633329630438543,0.8936224880110957,0
-0.9828498329506067,-1.312459597842345,-0.9896236715524893,-0.9669503558304342,-0.0855957354822517,1.9015593363586938,1.055311469326303,0.9145645555289657,0.5111459322631292,-0.524844185802529,0.8936224880110957,1
-0.35397898545358125,0.37727178349252133,0.764271804207537,-0.11144036141535482,-0.5352763924241515,0.45220008608529794,0.017640408041835955,-0.7965010301192396,-1.350952181628052,-0.524844185802529,-1.119040773275156,1
1.0940521083785635,-2.041436631825308,-0.7620912855079451,-0.5324055967624574,0.1555373704141296,0.8145398986536466,-1.020030653242631,0.05903176270486304,-1.350952181628052,-0.524844185802529,0.8936224880110957,1
1.98240849974572,0.18568166558674296,1.1434924476151107,0.06509344695601077,0.09036626071240497,-1.3594989767564467,0.017640408041835955,0.05903176270486304,-0.41990312468246144,-0.524844185802529,0.8936224880110957,1
-0.6511153729440851,1.267932185269141,1.077128835018785,1.260091534392947,2.0194311078834533,0.8145398986536466,-1.020030653242631,0.9145645555289657,-0.41990312468246144,-0.524844185802529,-1.119040773275156,1
0.7592648772676888,-1.3423663479544665,-1.4541689597267669,-1.0280582125743685,-0.5808961692153589,1.0560997736992128,0.017640408041835955,-1.6520338229433422,1.4421949892087198,-0.524844185802529,0.8936224880110957,0
1.5926713887564639,0.8370880664663902,2.101024572219233,1.599579627414804,1.6153702277327606,-0.2724795390513995,0.017640408041835955,0.9145645555289657,0.5111459322631292,-0.524844185802529,-1.119040773275156,1
-0.8230881451560543,2.2800887593762544,1.1340119315299215,0.5675358246283589,0.1555373704141296,-1.1179391017108806,-1.020030653242631,0.05903176270486304,-0.41990312468246144,-0.524844185802529,0.8936224880110957,1
-0.4241927208537343,0.19409293905577746,-0.5250783833782118,-0.8786834516447514,-1.623633924442953,0.45220008608529794,1.055311469326303,-0.7965010301192396,-1.350952181628052,-0.524844185802529,-1.119040773275156,1
1.0909993372742088,-0.06385278066127133,0.11011619432947345,0.6354334432327303,0.8593853551927554,0.08986027351694922,0.017640408041835955,0.9145645555289657,-0.41990312468246144,0.7646992682577389,0.8936224880110957,1
0.3797036699596136,1.6539161789037107,1.57011567144863,0.6286436813722932,1.5306477851205187,-0.15169960152861695,0.017640408041835955,0.9145645555289657,2.3732440461543107,-0.524844185802529,0.8936224880110957,1
-0.28478284042154695,0.7707324646551211,0.5557004503333719,1.905118911134475,1.9477428872115568,0.3314201485625154,0.017640408041835955,-0.7965010301192396,-0.41990312468246144,-0.524844185802529,-1.119040773275156,1
0.9169913843260037,0.17353204835369399,1.0202457385076487,1.1854041539281386,-0.31369461943828786,-0.2724795390513995,1.055311469326303,-1.6520338229433422,-0.41990312468246144,2.054242722318007,0.8936224880110957,1
0.1568513793417361,-0.6629223688447057,0.2997265160332603,-0.9262117846678114,-1.838698586458644,-0.8763792266653144,0.017640408041835955,-0.7965010301192396,0.5111459322631292,-0.524844185802529,-1.119040773275156,1
0.11309499351265441,-0.9947003779010537,-0.09845515954469249,-0.8243653567612543,1.2504120134031032,-1.3594989767564467,-1.020030653242631,0.05903176270486304,0.5111459322631292,-0.524844185802529,0.8936224880110957,1
-0.10975729710522304,0.22773803293191414,-0.32598754558923587,-0.29476393164715753,-0.8480977189924299,0.08986027351694922,-1.020030653242631,0.9145645555289657,-0.41990312468246144,-0.524844185802529,0.8936224880110957,1
0.13649957197937257,0.7847512537701773,0.1764798069257982,0.3774224925361191,1.1200697939996538,0.6937599611308641,-1.020030653242631,0.05903176270486304,-1.350952181628052,-0.524844185802529,0.8936224880110957,1
0.8518656007664412,0.9342850043307858,-0.1932603203965855,-0.016383695369234886,0.33801647757895836,1.297659648744779,1.055311469326303,-0.7965010301192396,-1.350952181628052,0.7646992682577389,0.8936224880110957,1
1.2741656035354794,0.7660595349501024,0.3945316768851533,0.5811153483492333,-0.47662239369259946,1.297659648744779,-1.020030653242631,-0.7965010301192396,2.3732440461543107,-0.524844185802529,-1.119040773275156,1
0.17720318670409965,0.19409293905577746,0.4229732251407215,-0.24723559862409758,-1.0566452700379485,1.297659648744779,1.055311469326303,-0.7965010301192396,-1.350952181628052,2.054242722318007,0.8936224880110957,1
0.062215475106746264,-0.20684442963485256,-0.17429928822620638,-0.464507978158086,-0.3071775084681153,0.2106402110397323,-1.020030653242631,0.05903176270486304,-0.41990312468246144,-0.524844185802529,-1.119040773275156,1
-0.08024717642979567,-0.6152584858535122,-0.3639096099299932,-0.3490820265306546,-1.4216034843676064,-0.6348193516197488,-1.020030653242631,-0.7965010301192396,-0.41990312468246144,0.7646992682577389,0.8936224880110957,0
-0.08431753790226897,-0.16291889040767416,-0.5535199316337801,0.10583201811863359,0.6247693602665471,-0.9971591641880975,1.055311469326303,-1.6520338229433422,1.4421949892087198,-0.524844185802529,0.8936224880110957,1
0.45093499572788526,-0.12179710900350592,-0.43027322252631883,1.260091534392947,-0.8089950531713951,-0.030919664005833864,0.017640408041835955,0.05903176270486304,1.4421949892087198,-0.524844185802529,0.8936224880110957,1
-0.5198462154568428,0.8370880664663902,0.6031030307593184,0.9817112981150243,-0.6591015008574282,1.1768797112219964,-1.020030653242631,2.625630141177171,-0.41990312468246144,0.7646992682577389,0.8936224880110957,1
1.432909700961913,-1.2526460976181024,1.0107652224224595,0.7780184423019102,0.194640036235164,0.6937599611308641,1.055311469326303,0.05903176270486304,-1.350952181628052,-0.524844185802529,-1.119040773275156,1
-0.5249341672974334,-0.5769404622723561,-0.4776758029522653,0.20088868416475353,1.8956059994501773,-0.2724795390513995,-1.020030653242631,0.05903176270486304,-0.41990312468246144,-0.524844185802529,-1.119040773275156,1
0.5587995747484108,-0.724605040950956,-0.33546806167442583,-1.1366944023413625,1.967294220122074,1.9015593363586938,2.09298253061077,-0.7965010301192396,1.4421949892087198,2.054242722318007,-1.119040773275156,1
0.4743395741946034,-0.21619028904489002,-0.49663683512264445,1.2465120106720728,-0.4570710607820822,-1.4802789142792292,1.055311469326303,0.05903176270486304,-0.41990312468246144,-0.524844185802529,0.8936224880110957,1
0.7338251180647346,-0.3872195162485849,0.24284341952212382,-0.2336560749032233,0.6964575809384438,1.5392195237903452,0.017640408041835955,-0.7965010301192396,-0.41990312468246144,-0.524844185802529,-1.119040773275156,1
-0.9950609173680244,1.1613893879947081,-0.7241692211671877,-0.267604884205409,-1.5128430379500208,-0.8763792266653144,0.017640408041835955,0.9145645555289657,-0.41990312468246144,-0.524844185802529,-1.119040773275156,1
0.006248004860247589,-0.23114366410095047,-0.18377980431139634,0.7372798711392874,-0.24852350973656326,-2.8088582270298423,1.055311469326303,-1.6520338229433422,1.4421949892087198,3.343786176378275,0.8936224880110957,0
-0.5198462154568428,0.9604534106788922,0.2902459999480703,1.0020805836963358,1.5958188948222434,0.45220008608529794,0.017640408041835955,-0.7965010301192396,0.5111459322631292,0.7646992682577389,0.8936224880110957,1
1.261954519118061,-1.3246092150753945,-0.8758574785302172,-0.613882739087703,-0.2094208439155284,-0.15169960152861695,3.130653591895237,0.05903176270486304,-0.41990312468246144,0.7646992682577389,0.8936224880110957,1
-0.2308505509112842,-0.2918917502661979,-0.4207927064411297,0.5607460627679218,-0.8089950531713951,1.7807793988359113,0.017640408041835955,0.05903176270486304,0.5111459322631292,-0.524844185802529,0.8936224880110957,1
0.5272542733367475,-1.04049508901024,-0.31650702950404674,-0.566354406064643,0.25981114593688864,-2.2049585394159275,0.017640408041835955,-0.7965010301192396,-0.41990312468246144,-0.524844185802529,0.8936224880110957,1
-0.16877753845607632,-0.724605040950956,-0.9706626393821111,-0.3762410739724032,-1.1413677126501909,-1.8426187268475784,1.055311469326303,0.9145645555289657,-1.350952181628052,-0.524844185802529,-1.119040773275156,1
-1.0011664595767336,-0.20310608587083678,-0.3070265134188576,-1.109535354899614,0.7551115796699963,-0.15169960152861695,0.017640408041835955,0.9145645555289657,1.4421949892087198,-0.524844185802529,0.8936224880110957,1
0.4234600557886953,-0.5264728214581503,-0.22170186865215372,-0.9465810702491227,-0.7307897215293254,1.6599994613131277,0.017640408041835955,0.05903176270486304,-1.350952181628052,-0.524844185802529,0.8936224880110957,1
-0.03242042912824214,1.0856879267734014,1.1529729637003,-0.13859940885710337,2.1953931040781103,0.2106402110397323,-1.020030653242631,0.05903176270486304,-0.41990312468246144,-0.524844185802529,-1.119040773275156,1
0.032705354431320346,1.2408291929800317,-0.032091546948366884,-0.7225189288546973,0.08384914974223195,-0.15169960152861695,-1.020030653242631,0.05903176270486304,-1.350952181628052,0.7646992682577389,-1.119040773275156,1
-0.695889349141284,2.153919657340742,1.5511546392782518,1.1514553446259528,1.1265869049698258,1.4184395862675616,0.017640408041835955,0.05903176270486304,-0.41990312468246144,0.7646992682577389,-1.119040773275156,1
-2.081847430518222,-1.1853559098658284,-1.0085847037228686,-0.19291750374060046,-1.0370939371274313,0.8145398986536466,-1.020030653242631,0.05903176270486304,-0.41990312468246144,-0.524844185802529,0.8936224880110957,0
-0.2003228398677396,1.190361552165826,-0.6104030281449156,-0.5391953586228945,-0.6134817240662213,-0.15169960152861695,0.017640408041835955,0.05903176270486304,2.3732440461543107,-0.524844185802529,-1.119040773275156,1
0.8243906608272512,-0.1255354527675217,-0.15533825605582813,-0.5324055967624574,-2.3665845750426135,-0.3932594765741826,0.017640408041835955,-0.7965010301192396,-0.41990312468246144,-0.524844185802529,-1.119040773275156,1
0.5852569243194821,1.2221374741599556,0.38505116079996415,-1.9650453493146935,0.305430922728096,0.08986027351694922,0.017640408041835955,-0.7965010301192396,0.5111459322631292,0.7646992682577389,0.8936224880110957,1
-0.6653616380977394,1.0866225127144045,0.19544083909617732,0.02435487579338794,0.25981114593688864,0.8145398986536466,1.055311469326303,-0.7965010301192396,-0.41990312468246144,-0.524844185802529,0.8936224880110957,1
-0.8973722420286806,1.3333532011394071,0.15751877475541995,-0.0367529809505463,0.403187587280683,0.8145398986536466,-1.020030653242631,0.05903176270486304,1.4421949892087198,0.7646992682577389,-1.119040773275156,1
-1.5069088725314603,-1.6077887551995456,-2.1557271500307778,-1.3947053530379738,-0.5743790582451863,-0.8763792266653144,1.055311469326303,0.9145645555289657,-0.41990312468246144,0.7646992682577389,0.8936224880110957,0
0.3908971640089133,1.4576531312929122,1.4373884462559805,-0.7904165474590686,-1.1152992687695005,1.9015593363586938,-1.020030653242631,-1.6520338229433422,2.3732440461543107,-0.524844185802529,0.8936224880110957,1
-1.0622218816638236,0.8314805508203672,0.7927133524631053,-0.5595646442042059,-0.007390403840181965,-0.7555992891425318,-1.020030653242631,0.05903176270486304,-0.41990312468246144,-0.524844185802529,0.8936224880110957,1
0.17211523486350913,0.799704628826239,1.5321936071078734,1.8100622450883552,0.8593853551927554,-1.9633986643703614,0.017640408041835955,-1.6520338229433422,-0.41990312468246144,-0.524844185802529,-1.119040773275156,1
-0.14639055035747686,-1.2965716368452809,-0.6293640603152948,-0.8039960711799429,0.9962446855663767,-1.2387190392336636,2.09298253061077,0.05903176270486304,-1.350952181628052,0.7646992682577389,-1.119040773275156,1
-0.10161657416027792,-0.06572195254327856,1.0012847063372703,0.06509344695601077,-0.046493069661217294,-0.15169960152861695,0.017640408041835955,-1.6520338229433422,-0.41990312468246144,-0.524844185802529,-1.119040773275156,1
-0.8271585066285276,1.9539182659659293,0.4229732251407215,0.7304901092788503,-0.039975958691044276,0.9353198361764303,0.017640408041835955,-0.7965010301192396,-1.350952181628052,-0.524844185802529,0.8936224880110957,1
-0.6999597106137573,-0.11432042147547569,-0.7431302533375669,0.1601501130021307,0.6573549151174094,1.297659648744779,-1.020030653242631,-0.7965010301192396,-1.350952181628052,-0.524844185802529,-1.119040773275156,1
0.775546323157579,0.7931625272392118,0.6315445790148866,0.02435487579338794,1.146138237880344,0.45220008608529794,-1.020030653242631,0.05903176270486304,-0.41990312468246144,0.7646992682577389,0.8936224880110957,1
-0.7274346505529472,1.6997108900128963,0.2902459999480703,-1.007688926993057,-2.3665845750426135,-0.5140394140969656,1.055311469326303,0.05903176270486304,-1.350952181628052,0.7646992682577389,-1.119040773275156,1
-1.4957153784821606,0.37727178349252133,-0.6862471568264304,-1.2724896395501053,-0.20290373294535582,0.8145398986536466,1.055311469326303,0.05903176270486304,1.4421949892087198,-0.524844185802529,0.8936224880110957,1
0.4977441526613201,-2.117138093046616,-0.9896236715524893,-0.49845678746027167,-1.2847441539939846,0.2106402110397323,0.017640408041835955,-0.7965010301192396,0.5111459322631292,-0.524844185802529,-1.119040773275156,0
0.7378954795372065,-1.7246119978250203,-0.9991041876376785,0.47926892044267616,-0.07256151354190658,-1.1179391017108806,0.017640408041835955,0.05903176270486304,0.5111459322631292,-0.524844185802529,0.8936224880110957,1
-1.017447905466624,1.5342891784552244,-0.7810523176783243,-1.211381782806171,-1.890835474220024,0.8145398986536466,0.017640408041835955,-0.7965010301192396,0.5111459322631292,-0.524844185802529,0.8936224880110957,0
-1.3685165824673904,0.06325090731524517,-1.5110520562379026,-0.6206725009481402,-0.30066039749794277,-0.3932594765741826,2.09298253061077,-1.6520338229433422,-1.350952181628052,0.7646992682577389,0.8936224880110957,0
-1.503856101427106,0.0015682352089948083,0.5082978699074254,1.1039270116028927,1.7326782251958657,-1.2387190392336636,0.017640408041835955,-1.6520338229433422,-1.350952181628052,-0.524844185802529,0.8936224880110957,1
-0.6022710352744128,-0.3713315552515202,-0.7146887050819987,-1.0484274981556798,-2.242759466609337,-0.8763792266653144,-1.020030653242631,1.7700973483530684,-0.41990312468246144,3.343786176378275,0.8936224880110957,0
2.5848219976716726,0.10063434495539762,0.9633626419965138,0.7983877278832217,0.03171226198085244,0.9353198361764303,0.017640408041835955,-1.6520338229433422,0.5111459322631292,0.7646992682577389,0.8936224880110957,1
0.48553306824390313,-0.6152584858535122,-0.27858496516328934,-0.9330015465282485,-0.5417935033943241,0.9353198361764303,0.017640408041835955,0.05903176270486304,0.5111459322631292,-0.524844185802529,-1.119040773275156,1
1.722922955875589,-0.951709424614879,1.8355701218339324,2.9982705706648543,0.33149936660878626,-0.3932594765741826,-1.020030653242631,-1.6520338229433422,0.5111459322631292,-0.524844185802529,0.8936224880110957,1
1.2477082539644067,0.6950310034338132,0.24284341952212382,0.6014846339305446,0.35756781048947556,-1.2387190392336636,0.017640408041835955,-0.7965010301192396,-0.41990312468246144,-0.524844185802529,-1.119040773275156,1
0.534377405913574,1.2352216773340088,-0.39235115818556143,-0.9601605939699971,-0.0855957354822517,1.1768797112219964,0.017640408041835955,0.05903176270486304,-0.41990312468246144,3.343786176378275,0.8936224880110957,0
0.8732349984969234,0.716526480076901,0.6505056111852648,-0.043542742810983436,-0.15076684518397632,-2.688078289507059,3.130653591895237,0.9145645555289657,-0.41990312468246144,-0.524844185802529,-1.119040773275156,1
-1.6595474277491848,0.23895306422396012,-0.32598754558923587,-0.26081512234497184,-1.3238468198150195,-1.2387190392336636,-1.020030653242631,-1.6520338229433422,-0.41990312468246144,0.7646992682577389,0.8936224880110957,0
-1.6351252589143488,0.268859814336081,-2.288454375223428,-0.31513321722846893,-0.5939303911557036,-0.6348193516197488,-1.020030653242631,1.7700973483530684,0.5111459322631292,0.7646992682577389,0.8936224880110957,0
-0.6205876619005404,0.05203587602320049,1.9588168309413927,1.9186984348553493,1.1200697939996538,-1.1179391017108806,-1.020030653242631,-1.6520338229433422,-0.41990312468246144,0.7646992682577389,0.8936224880110957,1
-0.3987529616507802,1.9398994768508717,1.2003755441262471,0.7304901092788503,0.9636591307155143,1.297659648744779,-1.020030653242631,0.05903176270486304,0.5111459322631292,-0.524844185802529,0.8936224880110957,1
0.6086615027862002,-2.0012494363621447,-0.8758574785302172,-0.20649702746147475,1.048381573327757,1.9015593363586938,-1.020030653242631,0.05903176270486304,2.3732440461543107,0.7646992682577389,0.8936224880110957,1
-0.4648963355784614,-0.5909592513874136,-0.5535199316337801,-1.055217260016117,-1.2651928210834675,-1.1179391017108806,-1.020030653242631,-0.7965010301192396,-0.41990312468246144,-0.524844185802529,0.8936224880110957,0
-0.9838674233187246,-0.256377484508054,-0.7905328337635134,-1.3335974962940396,0.8919709100436176,1.6599994613131277,-1.020030653242631,1.7700973483530684,-0.41990312468246144,-0.524844185802529,-1.119040773275156,1
2.1889793444737076,0.5333476356401557,0.09115516215909435,-1.489762019084094,-2.0016263607129554,0.9353198361764303,1.055311469326303,-0.7965010301192396,-0.41990312468246144,-0.524844185802529,-1.119040773275156,1
0.23520583768683426,-1.7442383025861001,-0.8379354141894599,-1.550869875828028,-0.03345884772087218,0.9353198361764303,0.017640408041835955,-0.7965010301192396,-0.41990312468246144,-0.524844185802529,0.8936224880110957,0
0.3797036699596136,0.22493427510890263,-0.18377980431139634,0.09225249439775932,-0.2420063987663907,0.6937599611308641,-1.020030653242631,-1.6520338229433422,1.4421949892087198,-0.524844185802529,0.8936224880110957,1
-1.042887664669578,-1.2834874336712276,-0.013130514777987781,1.0971372497424556,0.931073575864652,1.1768797112219964,1.055311469326303,0.05903176270486304,2.3732440461543107,2.054242722318007,-1.119040773275156,1
-2.346420926228945,0.4445619712447947,-1.9376752800714228,-2.5150160600101015,-0.8806832738432923,1.0560997736992128,1.055311469326303,0.9145645555289657,-0.41990312468246144,-0.524844185802529,0.8936224880110957,0
-0.6877486261963388,0.5679273154572967,1.7597259931524176,1.7625339120652952,0.4618415860122355,1.1768797112219964,0.017640408041835955,1.7700973483530684,0.5111459322631292,-0.524844185802529,-1.119040773275156,1
0.073408969156046,-0.7694651661191387,-1.359363798874873,-2.1823177288486817,-0.6134817240662213,-0.3932594765741826,-1.020030653242631,0.05903176270486304,-0.41990312468246144,-0.524844185802529,0.8936224880110957,0
-1.5140320051082876,-1.8975103969107232,-1.9376752800714228,-1.6527163037345851,-1.3629494856360544,-1.8426187268475784,0.017640408041835955,0.05903176270486304,1.4421949892087198,-0.524844185802529,0.8936224880110957,0
0.3349296937624146,-1.8218089356894154,-0.8000133498487025,-0.47129774001852315,1.4068226766872425,-0.3932594765741826,0.017640408041835955,0.05903176270486304,1.4421949892087198,-0.524844185802529,-1.119040773275156,1
-1.7429898379348743,-1.9704081003090195,-0.9896236715524893,-0.016383695369234886,0.005643818100163145,-0.030919664005833864,0.017640408041835955,0.9145645555289657,0.5111459322631292,-0.524844185802529,0.8936224880110957,1
0.5587995747484108,1.4258772092987828,1.8640116700894998,0.3774224925361191,0.33149936660878626,0.45220008608529794,0.017640408041835955,0.9145645555289657,-1.350952181628052,-0.524844185802529,0.8936224880110957,1
-0.37636597355218077,-0.02740392896212315,-0.7905328337635134,-0.6206725009481402,-2.125451469146232,-0.2724795390513995,0.017640408041835955,2.625630141177171,-1.350952181628052,-0.524844185802529,-1.119040773275156,1
1.3504848811443417,1.208118685044898,0.85907696505943,-0.28118440792628324,-0.6199988350363937,-1.7218387893247955,-1.020030653242631,0.05903176270486304,1.4421949892087198,-0.524844185802529,0.8936224880110957,1
-2.248732250889601,0.36044923655445366,0.2997265160332603,0.5403767771866104,0.4683586969824076,0.572980023608081,-1.020030653242631,-0.7965010301192396,0.5111459322631292,-0.524844185802529,-1.119040773275156,1
0.18941427112151663,-0.4965660713460295,-1.4920910240675243,-0.8243653567612543,-0.23548928779621814,1.7807793988359113,0.017640408041835955,0.9145645555289657,2.3732440461543107,-0.524844185802529,-1.119040773275156,1
-0.5015295888307152,-0.30964888314526984,0.3376485803740177,-1.0348479744348056,0.1881229252649919,-1.2387190392336636,-1.020030653242631,-0.7965010301192396,-1.350952181628052,-0.524844185802529,-1.119040773275156,1
-2.160201888863321,0.828676792997357,-0.21222135256696376,-0.023173457229672026,0.6573549151174094,-0.9971591641880975,1.055311469326303,-1.6520338229433422,-0.41990312468246144,-0.524844185802529,0.8936224880110957,1
-1.240300196084502,-1.803117216869339,-2.487545213012404,-0.6749905958316372,-0.6851699447381184,-1.3594989767564467,-1.020030653242631,0.05903176270486304,-0.41990312468246144,-0.524844185802529,0.8936224880110957,0
0.6127318642586735,0.0987651730733904,-1.4920910240675243,-0.8447346423425657,-1.7474590328762296,-1.1179391017108806,-1.020030653242631,-1.6520338229433422,-0.41990312468246144,-0.524844185802529,-1.119040773275156,0
-1.1232773037509127,1.2744742868561683,-0.3639096099299932,-0.3422922646702175,0.012160929070335237,-1.3594989767564467,-1.020030653242631,-0.7965010301192396,0.5111459322631292,-0.524844185802529,0.8936224880110957,1
0.6666641537689363,1.3174652401423426,2.063102507878477,1.504522961368684,0.4357731421315453,1.0560997736992128,-1.020030653242631,0.9145645555289657,0.5111459322631292,-0.524844185802529,0.8936224880110957,1
0.7918277690474692,1.5595229988623265,0.8211549007186735,0.5132177297448619,1.4719937863889672,-0.8763792266653144,0.017640408041835955,-0.7965010301192396,-1.350952181628052,-0.524844185802529,-1.119040773275156,1
-0.22270982796633906,0.36231840843646085,-0.0036499986927986494,-1.6391367800137109,-0.5352763924241515,0.572980023608081,0.017640408041835955,0.05903176270486304,1.4421949892087198,-0.524844185802529,-1.119040773275156,1
-0.4282630823262076,0.309047009799245,-0.21222135256696376,-1.2453305921083568,0.5335298066841322,-0.030919664005833864,-1.020030653242631,0.05903176270486304,-1.350952181628052,-0.524844185802529,0.8936224880110957,1
0.4336359594698763,0.7772745662421471,1.4089468980004114,0.08546273253732219,0.7811800235506856,-1.2387190392336636,0.017640408041835955,-0.7965010301192396,2.3732440461543107,0.7646992682577389,0.8936224880110957,1
-2.8084069533545906,0.17727039211770845,-2.4022205682457,-2.2162665381508675,-1.160919045560708,1.6599994613131277,1.055311469326303,-0.7965010301192396,-0.41990312468246144,-0.524844185802529,-1.119040773275156,0
0.7775815038938149,1.0286781843721686,2.7267386338417294,1.6403181985774267,1.9607771091519017,0.3314201485625154,1.055311469326303,-1.6520338229433422,-0.41990312468246144,-0.524844185802529,-1.119040773275156,1
-0.7315050120254205,0.17166287647168677,-0.33546806167442583,-0.2336560749032233,-0.431002616901392,-2.2049585394159275,-1.020030653242631,-0.7965010301192396,0.5111459322631292,-0.524844185802529,-1.119040773275156,0
-0.591077541225113,-1.9965765066571253,-1.255078121937791,-0.8922629753656257,-2.09286591429537,0.572980023608081,1.055311469326303,0.05903176270486304,0.5111459322631292,-0.524844185802529,0.8936224880110957,0
0.23927619915930753,-0.3554435942544555,0.49881735382223624,-0.16575845629885191,1.133104015939999,0.3314201485625154,-1.020030653242631,1.7700973483530684,-0.41990312468246144,0.7646992682577389,-1.119040773275156,1
1.2059870488715623,-1.1947017692758666,1.7123234127264704,1.6538977222983011,-0.39189995108035763,-1.7218387893247955,-1.020030653242631,0.05903176270486304,0.5111459322631292,-0.524844185802529,0.8936224880110957,1
1.4502087372199206,0.6081145109204593,1.6175182518745774,2.9982705706648543,0.5465640286244773,0.572980023608081,0.017640408041835955,1.7700973483530684,-0.41990312468246144,2.054242722318007,0.8936224880110957,1
0.13548198161125533,0.8950323948086261,0.4229732251407215,1.4705741520664983,0.03822937295102546,0.45220008608529794,-1.020030653242631,0.05903176270486304,-0.41990312468246144,-0.524844185802529,-1.119040773275156,1
-0.8383520006778273,-0.227405320336936,-1.463649475811956,-1.836039873966388,1.1265869049698258,-0.5140394140969656,2.09298253061077,-1.6520338229433422,1.4421949892087198,-0.524844185802529,-1.119040773275156,1
-0.6185524811643045,2.448314228756939,1.4563494784263586,1.25330177253251,0.08384914974223195,-0.9971591641880975,1.055311469326303,0.05903176270486304,0.5111459322631292,-0.524844185802529,-1.119040773275156,1
0.6239253583079732,0.647367120442619,-0.37339012601518234,0.20088868416475353,-0.2615577316769084,0.45220008608529794,1.055311469326303,-0.7965010301192396,1.4421949892087198,-0.524844185802529,0.8936224880110957,1
-0.5595322398134512,-0.7778764395881725,-1.5963767010046064,-1.605187970711525,-0.013907514810354982,-0.7555992891425318,-1.020030653242631,-0.7965010301192396,0.5111459322631292,-0.524844185802529,0.8936224880110957,0
1.7046063292494613,-0.37506989901553595,1.3141417371485185,0.9817112981150243,-0.16380106712432144,0.2106402110397323,2.09298253061077,0.9145645555289657,-0.41990312468246144,3.343786176378275,0.8936224880110957,1
-0.3051346477839105,-0.56572543098031,-0.3828706421003723,0.02435487579338794,-0.38538284011018503,0.572980023608081,-1.020030653242631,-0.7965010301192396,-0.41990312468246144,-0.524844185802529,-1.119040773275156,1
-0.8943194709243261,0.8651256446965039,0.3945316768851533,0.8187570134645331,0.9636591307155143,-0.3932594765741826,0.017640408041835955,-0.7965010301192396,-0.41990312468246144,-0.524844185802529,0.8936224880110957,1
0.8925692154911683,-0.19376022646079932,0.11011619432947345,-0.8175755949008171,-0.5874132801855315,1.9015593363586938,3.130653591895237,0.05903176270486304,-1.350952181628052,-0.524844185802529,-1.119040773275156,1
-0.6256756137411309,-1.599377481730511,-0.7336497372523778,-0.6749905958316372,-1.0957479358589834,-0.15169960152861695,0.017640408041835955,0.9145645555289657,-0.41990312468246144,-0.524844185802529,0.8936224880110957,1
-0.6348339270541947,-0.41712626636070715,0.09115516215909435,-0.1997072656010376,1.1917580146715505,0.2106402110397323,0.017640408041835955,0.05903176270486304,-1.350952181628052,-0.524844185802529,-1.119040773275156,1
-1.936332007877325,-1.563863215972367,-1.055987284148815,-1.0144786888534942,0.7355602467594782,1.6599994613131277,0.017640408041835955,0.05903176270486304,-0.41990312468246144,-0.524844185802529,0.8936224880110957,1
1.3891533151328312,0.8146580038822995,-1.141311928915519,0.22804773160650207,-0.1703181780944935,-0.6348193516197488,1.055311469326303,2.625630141177171,-0.41990312468246144,2.054242722318007,-1.119040773275156,1
0.5852569243194821,0.309047009799245,-1.0465067680636257,-0.3355025028097804,-0.046493069661217294,0.08986027351694922,2.09298253061077,0.9145645555289657,-1.350952181628052,-0.524844185802529,-1.119040773275156,1
-1.5140320051082876,-0.6087163842664856,-0.9706626393821111,-0.9941094032721828,-0.000873292870009873,0.9353198361764303,0.017640408041835955,-1.6520338229433422,0.5111459322631292,0.7646992682577389,0.8936224880110957,0
-0.24102645459246524,0.0015682352089948083,0.5082978699074254,0.3095248739317477,1.9151573323606943,-0.3932594765741826,0.017640408041835955,0.05903176270486304,1.4421949892087198,-0.524844185802529,0.8936224880110957,1
0.007265595228366273,0.46512286194687946,-0.145857739970639,2.5026179548529432,1.3807542328065523,0.6937599611308641,0.017640408041835955,0.05903176270486304,1.4421949892087198,-0.524844185802529,-1.119040773275156,1
0.8813757214418686,0.788489597534193,-0.45871477078188705,-0.9737401176908713,-0.026941736750699167,0.3314201485625154,-1.020030653242631,0.9145645555289657,-1.350952181628052,-0.524844185802529,-1.119040773275156,1
0.803021263096769,-0.5582487434522798,-0.10793567562988161,0.913813679510653,0.9962446855663767,-0.3932594765741826,1.055311469326303,-0.7965010301192396,-1.350952181628052,0.7646992682577389,0.8936224880110957,1
0.7073677684936619,-1.4367595279958507,-0.7336497372523778,0.764438918581036,-0.4635881717522543,-0.2724795390513995,0.017640408041835955,0.9145645555289657,-1.350952181628052,-0.524844185802529,-1.119040773275156,1
-1.2128252561453112,1.8529829843375192,0.7547912881223479,0.7237003474184132,0.3249822556386132,0.6937599611308641,1.055311469326303,0.05903176270486304,0.5111459322631292,-0.524844185802529,0.8936224880110957,1
0.009300775964602194,-0.5582487434522798,-0.5440394155485909,-0.22686631304278615,0.6964575809384438,-1.8426187268475784,0.017640408041835955,-0.7965010301192396,-0.41990312468246144,0.7646992682577389,0.8936224880110957,0
0.06933860768357415,-0.990027448196035,-0.48715631903745443,-0.464507978158086,0.05778070586154266,-0.5140394140969656,1.055311469326303,-0.7965010301192396,-0.41990312468246144,-0.524844185802529,-1.119040773275156,1
-0.6572209151527942,-1.729284927530039,0.005830517392390482,0.669382252534916,-0.026941736750699167,-0.15169960152861695,-1.020030653242631,0.9145645555289657,-0.41990312468246144,-0.524844185802529,0.8936224880110957,1
1.3708366885067038,0.564188971693281,0.9918041902520812,-0.8447346423425657,0.8789366881032725,-0.2724795390513995,1.055311469326303,-0.7965010301192396,-0.41990312468246144,-0.524844185802529,0.8936224880110957,1
0.8823933118099858,-0.35357442237244824,0.7358302559519696,1.2397222488116355,0.10991759362292217,-0.6348193516197488,0.017640408041835955,-1.6520338229433422,-0.41990312468246144,-0.524844185802529,-1.119040773275156,1
-0.4455621185842165,2.117470805641594,-1.0939093484895723,-1.1299046404809254,0.12946892653343936,0.45220008608529794,0.017640408041835955,0.9145645555289657,-0.41990312468246144,-0.524844185802529,0.8936224880110957,1
0.3908971640089133,0.8202655195283225,0.24284341952212382,0.5335870153261733,0.10340048265275008,0.572980023608081,3.130653591895237,-0.7965010301192396,-1.350952181628052,-0.524844185802529,-1.119040773275156,1
-0.28478284042154695,-0.15637678882064687,-0.3544290938448041,0.1601501130021307,-0.4440368388417371,1.4184395862675616,-1.020030653242631,2.625630141177171,-0.41990312468246144,-0.524844185802529,-1.119040773275156,1
0.13548198161125533,0.309047009799245,0.7168692237815905,-0.3626615502515289,-0.0660444025717345,-0.5140394140969656,3.130653591895237,0.05903176270486304,-1.350952181628052,-0.524844185802529,-1.119040773275156,1
0.6290133101485638,0.7623211911860865,0.41349270905553154,0.03793439951426222,2.1953931040781103,-1.1179391017108806,-1.020030653242631,2.625630141177171,-0.41990312468246144,-0.524844185802529,0.8936224880110957,1
0.8498304200302053,-1.4582550046389378,-0.5250783833782118,0.9749215362545872,-0.906751717723982,-0.2724795390513995,1.055311469326303,0.05903176270486304,-0.41990312468246144,-0.524844185802529,0.8936224880110957,1
-0.8291936873647635,0.027736641557101264,-0.29754599733366843,-0.5527748823437688,-0.15076684518397632,1.1768797112219964,0.017640408041835955,-0.7965010301192396,-1.350952181628052,-0.524844185802529,0.8936224880110957,1
0.9739764449406211,-0.22927449221894325,0.1859603230109882,-0.3083434553680318,-0.30066039749794277,-0.15169960152861695,-1.020030653242631,0.9145645555289657,0.5111459322631292,0.7646992682577389,-1.119040773275156,1
-0.8007011570574548,-0.004039280437028193,-1.179233993256276,0.6761720143953531,-2.3665845750426135,-0.6348193516197488,-1.020030653242631,0.05903176270486304,1.4421949892087198,-0.524844185802529,-1.119040773275156,0
-0.2644310330591834,0.01371785244204376,-1.4920910240675243,-1.408284876758848,-1.0566452700379485,1.5392195237903452,0.017640408041835955,-0.7965010301192396,0.5111459322631292,-0.524844185802529,0.8936224880110957,0
-0.8383520006778273,-1.3732076840075924,-1.8333896031343397,-1.449023447921471,0.03171226198085244,-0.8763792266653144,0.017640408041835955,0.05903176270486304,2.3732440461543107,-0.524844185802529,-1.119040773275156,0
-0.11382765857769489,0.16885911864867525,1.4563494784263586,1.2736710581138213,-0.483139504662772,1.4184395862675616,-1.020030653242631,0.9145645555289657,-0.41990312468246144,-0.524844185802529,-1.119040773275156,1
-0.8994074227649173,1.1641931458177195,0.22388238735174557,1.3144096292764442,-1.7604932548165746,-1.1179391017108806,-1.020030653242631,-0.7965010301192396,-0.41990312468246144,-0.524844185802529,0.8936224880110957,1
0.8518656007664412,-1.0610559797123236,0.3755706447147742,-0.15217893257797765,-0.35279728525932275,-1.1179391017108806,3.130653591895237,0.05903176270486304,-0.41990312468246144,-0.524844185802529,0.8936224880110957,1
-0.4272454919580889,-0.881615479039594,-1.8997532157306654,-1.102745593039177,-1.4216034843676064,1.1768797112219964,0.017640408041835955,0.05903176270486304,-0.41990312468246144,0.7646992682577389,0.8936224880110957,0
-0.826140916260409,-0.2414241094519922,1.9493363148562037,1.9254881967157864,0.05126359489136964,0.45220008608529794,1.055311469326303,-1.6520338229433422,0.5111459322631292,-0.524844185802529,-1.119040773275156,1
0.3552815011247782,-1.1601220894587263,-0.051052579118745146,1.3823072478808156,-0.5417935033943241,-0.6348193516197488,1.055311469326303,0.05903176270486304,-0.41990312468246144,-0.524844185802529,0.8936224880110957,1
-1.6636177892216575,0.45297324471382916,-0.4492342546966971,-0.10465059955491768,-0.7633752763801877,-1.7218387893247955,0.017640408041835955,-0.7965010301192396,2.3732440461543107,0.7646992682577389,-1.119040773275156,0
-1.3858156187253992,-0.34235939108040225,-0.6862471568264304,-1.252120353968794,-1.5389114818307106,-0.5140394140969656,0.017640408041835955,0.05903176270486304,-1.350952181628052,-0.524844185802529,-1.119040773275156,0
-0.8291936873647635,0.30343949415322197,-0.07001361128912426,-0.29476393164715753,0.22070848011585423,1.0560997736992128,1.055311469326303,0.05903176270486304,-0.41990312468246144,-0.524844185802529,0.8936224880110957,1
0.2626807776260257,0.6679280111447025,0.8875185133149991,-0.2879741697867204,-0.7112383886188082,-0.2724795390513995,0.017640408041835955,-1.6520338229433422,-1.350952181628052,-0.524844185802529,0.8936224880110957,1
-0.35397898545358125,-0.5900246654464093,0.7453107720371587,-1.2453305921083568,0.01867804004050733,0.08986027351694922,1.055311469326303,-1.6520338229433422,0.5111459322631292,0.7646992682577389,-1.119040773275156,1
-0.9838674233187246,1.0856879267734014,1.655440316215334,2.0069653390410322,0.4357731421315453,-0.3932594765741826,-1.020030653242631,0.9145645555289657,1.4421949892087198,-0.524844185802529,0.8936224880110957,1
0.6941390937081262,-0.37880824277955044,0.5841419985889401,-0.057122266531857716,1.4328911205679318,1.297659648744779,-1.020030653242631,0.05903176270486304,-0.41990312468246144,0.7646992682577389,-1.119040773275156,1
0.3797036699596136,0.4492349009498147,1.2382976084670037,0.5539563009074847,0.34453358854913047,1.4184395862675616,0.017640408041835955,0.05903176270486304,1.4421949892087198,-0.524844185802529,0.8936224880110957,1
2.028200066311038,-0.5358186808681892,1.3710248336596549,0.49284844416355045,0.03822937295102546,-1.7218387893247955,-1.020030653242631,1.7700973483530684,0.5111459322631292,0.7646992682577389,-1.119040773275156,1
-0.6633264573615034,-1.7414345447630888,-1.0939093484895723,0.4113713018383048,-1.317329708844847,1.9015593363586938,0.017640408041835955,0.9145645555289657,-1.350952181628052,0.7646992682577389,-1.119040773275156,1
0.8477952392939694,-0.6040434545614668,0.6979081916112122,0.323104397652622,1.7261611142256925,1.0560997736992128,-1.020030653242631,-0.7965010301192396,1.4421949892087198,2.054242722318007,0.8936224880110957,1
0.09884872835900006,-1.096570245470468,1.0107652224224595,0.9341829650919644,1.3351344560153449,-1.9633986643703614,0.017640408041835955,0.05903176270486304,0.5111459322631292,-0.524844185802529,-1.119040773275156,1
0.7002446359168355,-1.4741429656360026,-1.0939093484895723,-0.6478315483898887,-1.8582499193691617,-0.9971591641880975,1.055311469326303,0.05903176270486304,-1.350952181628052,-0.524844185802529,-1.119040773275156,0
0.13039402977066336,-0.5900246654464093,-1.0749483163191933,0.058303685095573626,-0.5743790582451863,0.45220008608529794,-1.020030653242631,0.05903176270486304,2.3732440461543107,0.7646992682577389,-1.119040773275156,0
-0.7192939276080021,-1.729284927530039,-1.5489741205786598,-0.0367529809505463,-0.6460672789170836,-0.6348193516197488,0.017640408041835955,0.9145645555289657,0.5111459322631292,-0.524844185802529,-1.119040773275156,0
1.7371692210292433,-1.7872292558722749,0.3376485803740177,-0.18612774188016334,2.16932466019742,-0.6348193516197488,0.017640408041835955,0.05903176270486304,1.4421949892087198,3.343786176378275,0.8936224880110957,1
0.49367379118884824,0.8557797852864664,0.16699929084060908,0.3774224925361191,0.8072484674313758,0.572980023608081,2.09298253061077,-0.7965010301192396,0.5111459322631292,-0.524844185802529,-1.119040773275156,1
-0.24611440643305577,-0.510584860461087,-0.4492342546966971,-0.7632575000173201,0.9050051319839627,-1.2387190392336636,-1.020030653242631,0.05903176270486304,-1.350952181628052,0.7646992682577389,0.8936224880110957,0
-0.32446886477815534,1.4604568891159238,-0.051052579118745146,0.38421225439655626,0.4292560311613732,0.6937599611308641,-1.020030653242631,0.05903176270486304,1.4421949892087198,-0.524844185802529,-1.119040773275156,1
0.5333598155454566,-0.01712348361108142,-0.25014341690772113,0.9885010599754616,-0.7307897215293254,-1.3594989767564467,0.017640408041835955,0.9145645555289657,-0.41990312468246144,-0.524844185802529,0.8936224880110957,1
0.20162535553893504,2.183826407452864,2.7267386338417294,1.5316820088104326,2.182358882137765,-0.15169960152861695,1.055311469326303,-1.6520338229433422,-0.41990312468246144,-0.524844185802529,0.8936224880110957,1
-1.848819236219163,1.903450625151725,-0.7905328337635134,-0.8379448804821286,-0.39189995108035763,1.1768797112219964,2.09298253061077,0.9145645555289657,-1.350952181628052,-0.524844185802529,0.8936224880110957,1
0.21688921106070808,0.1539057435926135,1.276219672807762,1.9254881967157864,1.2178264585522407,-1.2387190392336636,2.09298253061077,-0.7965010301192396,1.4421949892087198,-0.524844185802529,0.8936224880110957,1
-0.839369591045946,1.9511145081429178,-0.34494857775961496,2.2174479567145835,-0.118181290333114,-0.5140394140969656,1.055311469326303,0.05903176270486304,0.5111459322631292,-0.524844185802529,0.8936224880110957,1
0.760282467635806,0.1258681653624998,0.22388238735174557,-0.7021496432733858,2.1953931040781103,-0.030919664005833864,-1.020030653242631,0.05903176270486304,0.5111459322631292,-0.524844185802529,0.8936224880110957,1
0.3400176456030051,-0.4451638445908208,1.2382976084670037,1.6267386748565524,0.6312864712367191,0.572980023608081,0.017640408041835955,-0.7965010301192396,1.4421949892087198,-0.524844185802529,-1.119040773275156,1
-1.3156018833252456,-0.27039627362311014,-0.9801431554673002,-0.3898205976932775,-0.21593795488570094,-1.3594989767564467,1.055311469326303,-1.6520338229433422,0.5111459322631292,-0.524844185802529,-1.119040773275156,1
1.8379106674729409,-0.6432960640836258,0.7358302559519696,0.7033310618371017,0.9050051319839627,-1.1179391017108806,0.017640408041835955,1.7700973483530684,-0.41990312468246144,-0.524844185802529,-1.119040773275156,1
0.8498304200302053,-0.329275187906349,0.11959671041466259,-1.2453305921083568,1.2178264585522407,-0.2724795390513995,-1.020030653242631,-1.6520338229433422,0.5111459322631292,-0.524844185802529,-1.119040773275156,1
0.9424311435289577,-0.352639836431444,-0.08897464345950251,0.2552067790482506,1.8369520007186246,-0.2724795390513995,-1.020030653242631,0.9145645555289657,-1.350952181628052,0.7646992682577389,0.8936224880110957,1
-0.3020818766795559,-0.481612696289969,-1.160272961085897,-0.6070929772272659,-0.15076684518397632,-0.6348193516197488,0.017640408041835955,-0.7965010301192396,0.5111459322631292,0.7646992682577389,-1.119040773275156,0
0.8600063237113863,-0.8236711506973589,-0.7146887050819987,-0.7293086907151344,-0.21593795488570094,-1.7218387893247955,0.017640408041835955,0.05903176270486304,-0.41990312468246144,-0.524844185802529,0.8936224880110957,1
0.23927619915930753,1.4922328111100531,1.3994663819152222,1.599579627414804,-0.38538284011018503,-0.7555992891425318,-1.020030653242631,0.05903176270486304,1.4421949892087198,-0.524844185802529,0.8936224880110957,1
1.590636208020228,-1.1834867379838212,-0.45871477078188705,-0.3558717883910918,0.1685715923544747,0.2106402110397323,-1.020030653242631,-0.7965010301192396,-0.41990312468246144,-0.524844185802529,0.8936224880110957,1
-0.02631488691953293,0.7361527848379801,1.171933995870678,1.1514553446259528,1.445925342508277,1.0560997736992128,-1.020030653242631,-0.7965010301192396,-0.41990312468246144,-0.524844185802529,0.8936224880110957,1
-0.9665683870607157,-0.6423614781426222,-1.255078121937791,-1.7138241604785194,-0.7177554995889808,1.9015593363586938,1.055311469326303,-0.7965010301192396,-1.350952181628052,0.7646992682577389,0.8936224880110957,0
0.9780468064130929,0.7352181988969771,1.2382976084670037,0.7304901092788503,0.9050051319839627,1.0560997736992128,0.017640408041835955,0.9145645555289657,2.3732440461543107,-0.524844185802529,-1.119040773275156,1
0.9393783724246032,-0.21151735933987129,-0.17429928822620638,-1.1978022590852968,-0.7633752763801877,0.572980023608081,-1.020030653242631,-1.6520338229433422,-1.350952181628052,-0.524844185802529,-1.119040773275156,0
0.36240463370160464,1.38569001383562,0.4229732251407215,-0.45771821629764886,-1.1152992687695005,-1.1179391017108806,-1.020030653242631,-0.7965010301192396,-0.41990312468246144,-0.524844185802529,-1.119040773275156,1
0.9017275288042307,1.2567171539770965,1.9208947666006362,0.9002341557897787,1.439408231538105,-0.8763792266653144,-1.020030653242631,0.05903176270486304,0.5111459322631292,-0.524844185802529,0.8936224880110957,1
-0.6623088669933848,-2.389102601878721,-0.7715718015931351,-1.5169210665258424,-1.3368810417553647,-0.6348193516197488,-1.020030653242631,0.05903176270486304,-0.41990312468246144,-0.524844185802529,-1.119040773275156,0
0.4692516223540114,-1.139561198756643,-0.5345588994634018,-1.2724896395501053,-0.9784399383958792,0.45220008608529794,-1.020030653242631,0.9145645555289657,-0.41990312468246144,-0.524844185802529,-1.119040773275156,1
-0.9085657360779804,1.2520442242720764,0.8685574811446192,0.5946948720701075,0.5726324725051666,0.9353198361764303,-1.020030653242631,-0.7965010301192396,1.4421949892087198,-0.524844185802529,-1.119040773275156,1
-0.3081874188882651,-0.5068465166970711,-0.6862471568264304,0.8527058227667188,1.5110964522100017,-0.3932594765741826,0.017640408041835955,0.9145645555289657,0.5111459322631292,0.7646992682577389,-1.119040773275156,1
-0.35296139508546404,1.622140256909581,0.4893368377370463,-0.08428131397360626,0.5400469176543043,1.297659648744779,-1.020030653242631,0.05903176270486304,2.3732440461543107,-0.524844185802529,-1.119040773275156,1
2.0760268136125912,0.18848542340975444,0.8211549007186735,0.8527058227667188,1.2113093475820687,-1.7218387893247955,-1.020030653242631,-1.6520338229433422,-0.41990312468246144,-0.524844185802529,0.8936224880110957,1
-0.05582500759496029,0.8838173635165801,0.3092070321184494,0.38421225439655626,0.618252249296374,-0.3932594765741826,-1.020030653242631,0.05903176270486304,-0.41990312468246144,-0.524844185802529,0.8936224880110957,1
-1.050010797246405,0.3800755413155328,-0.06053309520393512,-0.3626615502515289,0.9897275745962045,0.9353198361764303,1.055311469326303,1.7700973483530684,0.5111459322631292,-0.524844185802529,-1.119040773275156,1
1.530598376301256,-1.692836075830891,0.2333629034369347,0.7033310618371017,-1.050128159067776,0.45220008608529794,1.055311469326303,-1.6520338229433422,0.5111459322631292,-0.524844185802529,-1.119040773275156,1
-0.9889553751593152,0.3454958614983932,-0.18377980431139634,-0.7021496432733858,0.2141913691456812,-0.7555992891425318,0.017640408041835955,-1.6520338229433422,-0.41990312468246144,0.7646992682577389,-1.119040773275156,0
0.9770292160449756,1.349241162136472,0.6884276755260222,0.6761720143953531,0.513978473773615,-0.8763792266653144,0.017640408041835955,0.05903176270486304,1.4421949892087198,0.7646992682577389,-1.119040773275156,1
0.07747933062851928,0.06231632137424222,0.7263497398667796,-1.408284876758848,0.937590686834825,0.572980023608081,3.130653591895237,-0.7965010301192396,-1.350952181628052,0.7646992682577389,0.8936224880110957,1
0.27692704277967856,-0.256377484508054,-0.7810523176783243,-1.3879155911775367,-0.9458543835450169,-0.8763792266653144,-1.020030653242631,0.05903176270486304,0.5111459322631292,-0.524844185802529,-1.119040773275156,0
0.09783113799088283,-0.1227316949445102,-0.15533825605582813,0.9002341557897787,1.230860680492586,-0.6348193516197488,0.017640408041835955,-0.7965010301192396,-0.41990312468246144,0.7646992682577389,-1.119040773275156,1
1.3413265678312778,-1.2152626599779501,-0.37339012601518234,0.09904225625819646,-0.2615577316769084,0.3314201485625154,-1.020030653242631,0.9145645555289657,0.5111459322631292,-0.524844185802529,-1.119040773275156,1
1.0655595780712548,0.6641896673806881,-0.40183167427075056,-0.40340012141415177,-0.05952729160156148,0.3314201485625154,1.055311469326303,0.05903176270486304,-0.41990312468246144,0.7646992682577389,0.8936224880110957,1
0.2647159583622616,0.17820497805871272,-0.49663683512264445,0.5403767771866104,-0.4049341730207023,0.3314201485625154,0.017640408041835955,-0.7965010301192396,-0.41990312468246144,0.7646992682577389,-1.119040773275156,1
1.0319790959233557,-2.389102601878721,-2.174688182201156,-1.9310965400125077,-1.6301510354131254,-0.7555992891425318,0.017640408041835955,0.05903176270486304,-0.41990312468246144,0.7646992682577389,-1.119040773275156,0
-0.2837652500534283,-1.2666648867331594,-0.7336497372523778,0.3095248739317477,-1.8778012522796788,-0.7555992891425318,0.017640408041835955,-1.6520338229433422,0.5111459322631292,0.7646992682577389,-1.119040773275156,0
0.8742525888650406,-0.8059140178182869,-0.657805608570863,-0.11144036141535482,-1.5584628147412283,-0.15169960152861695,0.017640408041835955,0.05903176270486304,-0.41990312468246144,-0.524844185802529,0.8936224880110957,1
1.061489216598783,-0.5535758137472611,1.6364792840449556,0.6897515381162275,0.8333169113120651,0.45220008608529794,0.017640408041835955,-0.7965010301192396,0.5111459322631292,0.7646992682577389,0.8936224880110957,1
-1.6727761025347212,0.2314763766959299,0.05323309781833698,-0.2336560749032233,1.237377791462758,-0.2724795390513995,0.017640408041835955,-0.7965010301192396,-0.41990312468246144,-0.524844185802529,0.8936224880110957,1
0.8539007815026771,-0.10217080424242674,-0.9611821232969211,-0.416979645135026,0.4422902531017174,1.0560997736992128,-1.020030653242631,0.9145645555289657,1.4421949892087198,-0.524844185802529,0.8936224880110957,1
0.6676817441370535,0.6090490968614636,1.190895028041058,0.0718832088164479,-0.7698923873503603,-0.5140394140969656,1.055311469326303,0.9145645555289657,-0.41990312468246144,0.7646992682577389,0.8936224880110957,1
-1.1405763400089217,-0.08721742918636628,-1.3309222506193057,-0.47808750187896026,0.07733203877205987,-0.5140394140969656,1.055311469326303,0.05903176270486304,-0.41990312468246144,-0.524844185802529,-1.119040773275156,1
2.0546574158821107,-0.6152584858535122,0.5841419985889401,-0.8311551186216914,1.1787237927312064,-0.9971591641880975,0.017640408041835955,0.9145645555289657,0.5111459322631292,-0.524844185802529,0.8936224880110957,1
0.489603429716375,1.282885560325203,0.6884276755260222,0.275576064629562,-0.3788657291400125,-0.15169960152861695,0.017640408041835955,0.9145645555289657,-1.350952181628052,2.054242722318007,0.8936224880110957,1
0.16499210228668124,-0.8031102599952754,-0.7336497372523778,-2.0533122535003763,-1.9625236948919207,0.6937599611308641,0.017640408041835955,0.05903176270486304,-1.350952181628052,0.7646992682577389,0.8936224880110957,0
-1.7450250186711103,0.9847526451449902,-0.5250783833782118,0.275576064629562,0.10991759362292217,0.3314201485625154,-1.020030653242631,-0.7965010301192396,-0.41990312468246144,-0.524844185802529,0.8936224880110957,1
0.672769695977644,1.1875577943428144,0.8685574811446192,0.6761720143953531,1.1591724598206883,0.45220008608529794,-1.020030653242631,0.05903176270486304,-0.41990312468246144,-0.524844185802529,0.8936224880110957,1
0.489603429716375,1.5884951630334445,0.3092070321184494,-0.3015536935075947,0.07733203877205987,-0.8763792266653144,-1.020030653242631,-1.6520338229433422,-0.41990312468246144,-0.524844185802529,0.8936224880110957,1
0.20671330737952556,2.0791527820604387,0.9444016098261339,2.6316234302012487,-0.05301018063138939,-0.5140394140969656,0.017640408041835955,0.9145645555289657,-0.41990312468246144,-0.524844185802529,0.8936224880110957,1
0.7592648772676888,2.528688619683266,0.1290772264998517,1.7693236739257323,0.24025981302637142,-1.1179391017108806,0.017640408041835955,1.7700973483530684,-0.41990312468246144,-0.524844185802529,-1.119040773275156,1
-0.6745199514108032,2.5642028854414094,2.7267386338417294,1.5724205799730553,-0.4179683949610474,0.2106402110397323,1.055311469326303,0.05903176270486304,-0.41990312468246144,-0.524844185802529,-1.119040773275156,1
1.590636208020228,0.422131908660704,0.3945316768851533,-0.029963219090109162,-0.3071775084681153,0.45220008608529794,-1.020030653242631,0.05903176270486304,-0.41990312468246144,-0.524844185802529,0.8936224880110957,1
-0.6511153729440851,1.3623253653105252,0.09115516215909435,0.5879051102096704,0.005643818100163145,-0.9971591641880975,-1.020030653242631,2.625630141177171,-0.41990312468246144,-0.524844185802529,-1.119040773275156,1
-0.5340924806104972,-1.4376941139368542,-0.07949412737431338,-0.029963219090109162,1.1200697939996538,-0.7555992891425318,0.017640408041835955,0.9145645555289657,0.5111459322631292,0.7646992682577389,0.8936224880110957,1
-0.252219948641765,-0.38535034436657767,1.1245314154447323,0.9477624888128386,-0.3462801742891502,-1.2387190392336636,0.017640408041835955,0.9145645555289657,0.5111459322631292,-0.524844185802529,-1.119040773275156,1
-0.05378982685872437,-0.17880685140473754,-1.8144285709639614,-0.5867236916459545,-1.317329708844847,0.3314201485625154,-1.020030653242631,-0.7965010301192396,1.4421949892087198,-0.524844185802529,-1.119040773275156,0
-0.5412156131873236,1.4922328111100531,0.6220640629296975,1.3076198674160069,-0.3462801742891502,0.6937599611308641,1.055311469326303,0.9145645555289657,-0.41990312468246144,-0.524844185802529,-1.119040773275156,1
0.8935868058592855,-1.025541713954179,-1.0275457358932467,-0.5459851204833316,-1.0761966029484662,-0.9971591641880975,0.017640408041835955,0.05903176270486304,-1.350952181628052,-0.524844185802529,0.8936224880110957,0
-0.6724847706745672,-0.36665862554650147,-1.7765065066232042,-1.2181715446666084,-0.13121551227345912,1.4184395862675616,3.130653591895237,0.05903176270486304,-0.41990312468246144,-0.524844185802529,0.8936224880110957,1
1.3372562063588045,-0.6124547280304999,0.574661482503751,0.24162725532737636,1.1200697939996538,-0.2724795390513995,3.130653591895237,-0.7965010301192396,0.5111459322631292,-0.524844185802529,0.8936224880110957,1
0.5303070444411021,-0.5414261965142122,-0.136377223885449,0.764438918581036,-0.18335240003483863,0.08986027351694922,-1.020030653242631,-1.6520338229433422,-0.41990312468246144,-0.524844185802529,-1.119040773275156,1
-0.365172479502881,0.13334485289053002,-0.07001361128912426,0.45210987300092764,-0.5808961692153589,1.297659648744779,-1.020030653242631,0.05903176270486304,0.5111459322631292,-0.524844185802529,-1.119040773275156,1
-0.011051031397761354,0.43801986965776873,0.2997265160332603,0.9206034413710902,0.8854537990734456,0.3314201485625154,1.055311469326303,1.7700973483530684,0.5111459322631292,-0.524844185802529,0.8936224880110957,1
-0.3885770579695992,-0.25918124233106415,-0.09845515954469249,0.031144637653825077,-0.8155121641415677,1.7807793988359113,-1.020030653242631,-0.7965010301192396,1.4421949892087198,-0.524844185802529,-1.119040773275156,1
1.392206086237186,0.568861901398301,0.3755706447147742,-0.023173457229672026,-0.2420063987663907,0.3314201485625154,1.055311469326303,-0.7965010301192396,-0.41990312468246144,-0.524844185802529,-1.119040773275156,1
0.5760986110064197,-2.0844275851114826,-1.26455863802298,-1.2249613065270455,1.1005184610891365,-0.5140394140969656,0.017640408041835955,-0.7965010301192396,-1.350952181628052,-0.524844185802529,0.8936224880110957,0
0.1537986082373815,-0.706847908071884,-1.2266365736822227,-1.211381782806171,-0.5092079485434617,1.0560997736992128,0.017640408041835955,0.05903176270486304,-0.41990312468246144,0.7646992682577389,0.8936224880110957,0
-2.383054179481199,0.9697992700889296,-0.5724809638041591,-1.0212684507139314,1.028830240417239,-0.9971591641880975,-1.020030653242631,-0.7965010301192396,-0.41990312468246144,-0.524844185802529,0.8936224880110957,0
-0.1626719962473671,-0.37039696931051724,-1.6722208296861212,-1.0212684507139314,0.025195151010680348,-0.6348193516197488,-1.020030653242631,-0.7965010301192396,1.4421949892087198,0.7646992682577389,-1.119040773275156,0
-0.9899729655274339,-2.389102601878721,-2.1936492143715354,-1.6798753511763336,-2.3665845750426135,-1.1179391017108806,0.017640408041835955,0.05903176270486304,-1.350952181628052,-0.524844185802529,-1.119040773275156,0
0.006248004860247589,0.03427874314412854,0.14803825867023082,0.669382252534916,-0.5092079485434617,-0.3932594765741826,1.055311469326303,1.7700973483530684,-0.41990312468246144,0.7646992682577389,0.8936224880110957,1
0.9536246375782576,-0.11432042147547569,0.5841419985889401,0.4317405874196162,0.7616286906401684,0.572980023608081,-1.020030653242631,0.05903176270486304,0.5111459322631292,-0.524844185802529,0.8936224880110957,1
0.9617653605232026,1.8483100546325004,1.285700188892951,0.0175651139329508,-0.18335240003483863,-0.15169960152861695,-1.020030653242631,0.9145645555289657,1.4421949892087198,-0.524844185802529,0.8936224880110957,1
0.10495427056770927,-0.5376878527501964,0.4040121929703424,-0.0367529809505463,0.201157147205337,1.9015593363586938,0.017640408041835955,1.7700973483530684,2.3732440461543107,4.633329630438543,0.8936224880110957,0
0.5109728274468572,0.1763358061767055,1.5606351553634408,0.23483749346693922,0.8333169113120651,0.9353198361764303,0.017640408041835955,0.05903176270486304,2.3732440461543107,-0.524844185802529,-1.119040773275156,1
0.4600933090409491,1.1286788800595757,0.982323674166892,-0.13180964699666622,1.9347086652712115,0.6937599611308641,1.055311469326303,0.9145645555289657,2.3732440461543107,2.054242722318007,-1.119040773275156,1
-1.486557065169097,0.22586886104990692,0.2807654838628812,0.5539563009074847,0.06429781683171475,-1.3594989767564467,0.017640408041835955,0.05903176270486304,-0.41990312468246144,-0.524844185802529,0.8936224880110957,1
-0.2644310330591834,-1.2264776912699962,-0.8000133498487025,0.370632730675682,0.8202826893717209,-0.5140394140969656,-1.020030653242631,-0.7965010301192396,-0.41990312468246144,0.7646992682577389,-1.119040773275156,0
1.003486565616047,-0.9143259869747271,0.7073887076964014,0.09904225625819646,-0.30066039749794277,-0.030919664005833864,-1.020030653242631,0.05903176270486304,-0.41990312468246144,-0.524844185802529,0.8936224880110957,1
-1.0316941706202782,0.4641882760058752,-1.368844314960063,0.0175651139329508,-0.906751717723982,0.9353198361764303,-1.020030653242631,-0.7965010301192396,0.5111459322631292,-0.524844185802529,-1.119040773275156,0
-1.467222848174852,-0.17133016387670733,-0.3544290938448041,-2.0125736823377536,0.14250314847378448,0.3314201485625154,-1.020030653242631,-0.7965010301192396,-1.350952181628052,-0.524844185802529,-1.119040773275156,0
-0.3407503106680456,-0.8049794318772826,-1.2740391541081693,-3.11251510372857,1.1526553488505162,0.08986027351694922,1.055311469326303,1.7700973483530684,-1.350952181628052,-0.524844185802529,-1.119040773275156,1
-0.8648093502489002,0.5436280809911975,-1.0654678002340041,-1.1774329735039855,-1.5649799257114008,0.3314201485625154,1.055311469326303,-0.7965010301192396,-0.41990312468246144,-0.524844185802529,-1.119040773275156,0
-1.787763814132073,-0.23207825004195473,-0.856896446359839,-1.7885115409433279,-2.021177693623473,0.45220008608529794,-1.020030653242631,-0.7965010301192396,0.5111459322631292,-0.524844185802529,0.8936224880110957,0
-0.9299351338084618,-0.41058416477367987,-0.9611821232969211,-0.7428882144360086,-0.24852350973656326,0.08986027351694922,1.055311469326303,0.9145645555289657,-0.41990312468246144,-0.524844185802529,0.8936224880110957,1
0.2158716206925894,-1.30872125407833,-0.6104030281449156,-0.18612774188016334,0.23374270205619932,-2.0841786018931443,-1.020030653242631,1.7700973483530684,-0.41990312468246144,-0.524844185802529,0.8936224880110957,1
1.8999836799281486,-2.1881666245629043,0.024791549562769587,0.7983877278832217,-0.6525843898872561,-0.030919664005833864,-1.020030653242631,0.05903176270486304,-0.41990312468246144,2.054242722318007,-1.119040773275156,0
-0.2552727197461196,-0.1386196559415749,-0.48715631903745443,-1.150273926062237,-0.0660444025717345,0.45220008608529794,2.09298253061077,-0.7965010301192396,-0.41990312468246144,-0.524844185802529,0.8936224880110957,1
-0.6307635655817215,-0.1255354527675217,0.16699929084060908,-0.5459851204833316,0.27284536787723374,0.45220008608529794,0.017640408041835955,0.05903176270486304,-1.350952181628052,2.054242722318007,0.8936224880110957,1
0.2871029464608611,0.9987714342600477,0.4608952894814789,-0.6274622628085773,-1.7279076999657124,-1.2387190392336636,0.017640408041835955,0.05903176270486304,0.5111459322631292,-0.524844185802529,0.8936224880110957,1
0.9353080109521313,0.3529725490264234,0.972843158081703,-0.3694513121119661,1.986845553032591,-0.9971591641880975,0.017640408041835955,0.05903176270486304,0.5111459322631292,-0.524844185802529,0.8936224880110957,1
-0.5025471791988338,-1.595639137966496,-1.3214417345341156,0.323104397652622,-0.274591953617253,-0.5140394140969656,-1.020030653242631,0.9145645555289657,0.5111459322631292,-0.524844185802529,0.8936224880110957,0
-0.9350230856490531,-0.482547282230972,-0.11741619171507076,-0.26081512234497184,0.44880736407189037,-0.5140394140969656,0.017640408041835955,-0.7965010301192396,1.4421949892087198,-0.524844185802529,0.8936224880110957,1
-2.8084069533545906,0.0791388683123099,-2.487545213012404,-2.290953918615676,-0.48965661563294455,0.3314201485625154,1.055311469326303,-0.7965010301192396,-0.41990312468246144,-0.524844185802529,0.8936224880110957,0
1.3942412669734219,0.6501708782656306,1.0107652224224595,-0.2132867893219119,0.25329403496671654,-1.8426187268475784,0.017640408041835955,-1.6520338229433422,-1.350952181628052,2.054242722318007,0.8936224880110957,1
-0.39061223870583506,-0.015254311729072868,-0.6957276729116204,-0.5731441679250802,0.2272255910860263,-0.030919664005833864,1.055311469326303,0.9145645555289657,-1.350952181628052,-0.524844185802529,-1.119040773275156,1
-0.9991312788404969,-0.2741346173871259,0.565180966418561,0.9817112981150243,-0.09862995742259681,-0.3932594765741826,0.017640408041835955,-0.7965010301192396,-1.350952181628052,-0.524844185802529,0.8936224880110957,1
0.9515894568420216,-1.6601255678957585,-1.1318314128303297,-1.645926541874148,0.34453358854913047,-0.5140394140969656,-1.020030653242631,-1.6520338229433422,-1.350952181628052,0.7646992682577389,-1.119040773275156,0
-0.5401980228192049,0.4856837526489629,0.6979081916112122,0.8730751083480301,1.0809671281786195,0.08986027351694922,-1.020030653242631,0.05903176270486304,-0.41990312468246144,2.054242722318007,-1.119040773275156,1
0.2932084886695703,0.48755292453097016,0.10063567824428432,0.26199654090868774,-0.5939303911557036,1.1768797112219964,-1.020030653242631,-0.7965010301192396,-0.41990312468246144,2.054242722318007,-1.119040773275156,0
-0.3997705520188989,0.44549655718579895,-0.4681952868670762,0.1465705892812564,-1.0370939371274313,0.8145398986536466,-1.020030653242631,0.9145645555289657,0.5111459322631292,-0.524844185802529,0.8936224880110957,1
-0.44759729932045245,1.2651284274461296,0.8116743846334843,0.4317405874196162,-2.3665845750426135,-0.6348193516197488,1.055311469326303,-0.7965010301192396,2.3732440461543107,-0.524844185802529,0.8936224880110957,1
-1.2036669428322475,-2.389102601878721,-1.9755973444121802,-1.8088808265246392,-2.0602803594445076,-1.3594989767564467,-1.020030653242631,0.9145645555289657,-0.41990312468246144,-0.524844185802529,-1.119040773275156,0
-1.085626460130541,0.9380233480948003,0.11011619432947345,1.1446655827655157,0.7029746919086158,0.08986027351694922,0.017640408041835955,0.9145645555289657,-0.41990312468246144,0.7646992682577389,-1.119040773275156,1
0.9068154806448226,0.31371993950426375,0.4893368377370463,0.7372798711392874,0.201157147205337,0.3314201485625154,2.09298253061077,0.05903176270486304,1.4421949892087198,0.7646992682577389,-1.119040773275156,1
-1.076468146817477,-1.4161986372937672,-2.487545213012404,-1.7138241604785194,-1.3825008185465717,-0.5140394140969656,-1.020030653242631,0.9145645555289657,-0.41990312468246144,-0.524844185802529,0.8936224880110957,0
-0.4018057327551348,-0.7208666971869409,-0.9801431554673002,-1.754562731641142,-1.1283334907098457,-0.5140394140969656,-1.020030653242631,0.05903176270486304,-1.350952181628052,0.7646992682577389,-1.119040773275156,0
-0.38348910612900866,-0.4769397665849503,-0.29754599733366843,0.1805193985834421,-1.6888050341446774,-0.8763792266653144,2.09298253061077,-0.7965010301192396,-1.350952181628052,0.7646992682577389,0.8936224880110957,1
0.010318366332720878,0.5875536202183759,0.3376485803740177,0.866285346487593,-1.2456414881729498,0.572980023608081,-1.020030653242631,0.9145645555289657,-1.350952181628052,3.343786176378275,-1.119040773275156,0
-1.136505978536449,0.38661764290256007,-0.4207927064411297,-1.605187970711525,0.5465640286244773,-1.4802789142792292,-1.020030653242631,0.05903176270486304,1.4421949892087198,0.7646992682577389,0.8936224880110957,0
0.9302200591115394,1.3034464510272863,1.0866093511039743,1.5384717706708697,-0.5808961692153589,0.3314201485625154,0.017640408041835955,-1.6520338229433422,-1.350952181628052,-0.524844185802529,-1.119040773275156,1
1.1856352415091989,0.044559188495170265,0.470375805566668,-0.661411072110763,2.188875993107938,-0.9971591641880975,2.09298253061077,0.05903176270486304,-0.41990312468246144,-0.524844185802529,0.8936224880110957,1
2.2184894651491347,0.5081138152330535,0.5936225146741293,1.0428191548589587,0.5204955847437871,1.0560997736992128,-1.020030653242631,1.7700973483530684,0.5111459322631292,-0.524844185802529,0.8936224880110957,1
-0.4974592273582433,-1.4601241765209456,0.16699929084060908,-0.49166702559983455,0.025195151010680348,0.3314201485625154,1.055311469326303,0.05903176270486304,0.5111459322631292,-0.524844185802529,-1.119040773275156,1
-1.4885922459053336,0.37633719755151834,-0.49663683512264445,0.8255467753249702,1.5762675619117261,-0.5140394140969656,-1.020030653242631,0.9145645555289657,0.5111459322631292,2.054242722318007,0.8936224880110957,0
0.9902578908305113,-0.776941853647169,0.3945316768851533,1.0224498692776471,0.44880736407189037,-0.5140394140969656,-1.020030653242631,1.7700973483530684,0.5111459322631292,-0.524844185802529,-1.119040773275156,1
1.1601954823062446,-1.2143280740369464,0.8685574811446192,1.1175065353237672,0.403187587280683,-0.7555992891425318,-1.020030653242631,0.9145645555289657,1.4421949892087198,-0.524844185802529,0.8936224880110957,1
0.013371137437075482,-0.10590914800644119,1.0486872867632178,1.1446655827655157,-1.0957479358589834,-0.15169960152861695,1.055311469326303,-0.7965010301192396,-0.41990312468246144,-0.524844185802529,-1.119040773275156,1
1.04622536107701,-0.41058416477367987,0.49881735382223624,-0.18612774188016334,0.7029746919086158,0.3314201485625154,1.055311469326303,-0.7965010301192396,1.4421949892087198,-0.524844185802529,0.8936224880110957,1
0.4051434291625676,-0.5087156885790785,-0.23118238473734284,0.6422232050931674,-0.274591953617253,0.9353198361764303,0.017640408041835955,0.05903176270486304,0.5111459322631292,-0.524844185802529,-1.119040773275156,1
1.3331858448863327,0.009044922737025035,1.0012847063372703,0.5539563009074847,0.1816058142948189,0.08986027351694922,0.017640408041835955,2.625630141177171,0.5111459322631292,2.054242722318007,-1.119040773275156,1
-0.8953370612924447,0.37166426784649964,2.0725830239636656,-0.8175755949008171,1.6153702277327606,-1.9633986643703614,0.017640408041835955,0.05903176270486304,-1.350952181628052,-0.524844185802529,0.8936224880110957,1
-1.528278270261942,0.37259885378750257,-0.7336497372523778,-2.1008405865234363,0.5530811395946494,1.0560997736992128,1.055311469326303,-0.7965010301192396,0.5111459322631292,0.7646992682577389,0.8936224880110957,0
-0.6358515174223135,-1.0339529874232134,-1.2076755415118445,-0.4101898832745889,1.986845553032591,-0.15169960152861695,1.055311469326303,-1.6520338229433422,-0.41990312468246144,-0.524844185802529,-1.119040773275156,1
-1.3156018833252456,0.4286740102477313,-1.2076755415118445,-0.029963219090109162,0.4422902531017174,0.572980023608081,2.09298253061077,1.7700973483530684,2.3732440461543107,0.7646992682577389,0.8936224880110957,1
-0.19218211692279447,0.5987686515104219,0.8211549007186735,1.25330177253251,-1.4998088160096763,-0.7555992891425318,0.017640408041835955,-0.7965010301192396,0.5111459322631292,-0.524844185802529,-1.119040773275156,1
0.42549523652493115,-0.49376231352301797,-0.37339012601518234,-0.07070179025273199,-0.5548277253346692,-0.5140394140969656,-1.020030653242631,0.9145645555289657,0.5111459322631292,-0.524844185802529,0.8936224880110957,1
1.2405851213875803,1.9455069924968948,2.660375021245404,0.7304901092788503,1.0092789075067217,0.8145398986536466,0.017640408041835955,0.9145645555289657,-1.350952181628052,-0.524844185802529,-1.119040773275156,1
1.3057109049471427,0.7959662850622232,2.262193345667452,-0.057122266531857716,0.8659024661629274,-1.2387190392336636,0.017640408041835955,0.05903176270486304,0.5111459322631292,0.7646992682577389,-1.119040773275156,1
-1.8640830917409354,-0.8199328069333437,-1.055987284148815,-1.1366944023413625,-0.09211284645242379,0.3314201485625154,-1.020030653242631,0.9145645555289657,1.4421949892087198,0.7646992682577389,-1.119040773275156,0
1.5173697015157204,-2.0853621710524863,-0.3544290938448041,-0.22007655118234903,0.9506249087751701,0.572980023608081,1.055311469326303,2.625630141177171,-0.41990312468246144,-0.524844185802529,0.8936224880110957,1
-1.37971007651669,-0.22553614845492745,-0.5914419959745374,0.47247915858223904,-1.3042954869045023,-0.15169960152861695,-1.020030653242631,1.7700973483530684,0.5111459322631292,-0.524844185802529,-1.119040773275156,1
0.905797890276704,1.1548472864076822,1.4184274140856006,-0.3830308358328403,-0.2420063987663907,-0.3932594765741826,3.130653591895237,-0.7965010301192396,2.3732440461543107,-0.524844185802529,-1.119040773275156,1
-1.597474415293977,-0.0021701085550196405,-2.2410517947974817,0.3298941595130591,-1.7279076999657124,1.6599994613131277,-1.020030653242631,0.9145645555289657,0.5111459322631292,-0.524844185802529,-1.119040773275156,0
0.4977441526613201,1.019332324962131,-0.9232600589561638,0.9545522506732759,-1.3890179295167442,-1.4802789142792292,3.130653591895237,0.05903176270486304,-0.41990312468246144,-0.524844185802529,-1.119040773275156,1
-0.9757267003737795,0.7436294723660104,-0.28806548124847847,1.0699782023007072,0.507461362803442,1.9015593363586938,0.017640408041835955,-0.7965010301192396,0.5111459322631292,-0.524844185802529,-1.119040773275156,1
-0.29292356336649206,-1.1535799878716997,-0.4776758029522653,0.11262177997907073,-0.47662239369259946,-0.6348193516197488,-1.020030653242631,-0.7965010301192396,0.5111459322631292,0.7646992682577389,-1.119040773275156,0
-1.3725869439398628,-0.7610538926501041,-0.5630004477189692,-0.3490820265306546,0.7420773577296512,-0.2724795390513995,1.055311469326303,1.7700973483530684,-1.350952181628052,3.343786176378275,-1.119040773275156,0
1.4532615083242753,-0.23675117974697346,-1.0844288324043823,-1.8088808265246392,-1.1152992687695005,-0.6348193516197488,-1.020030653242631,-0.7965010301192396,-0.41990312468246144,-0.524844185802529,0.8936224880110957,0
-1.1161541711740854,1.060454106366298,0.36609012862958507,-0.9330015465282485,0.4227389201912002,-1.8426187268475784,0.017640408041835955,-0.7965010301192396,0.5111459322631292,-0.524844185802529,-1.119040773275156,1
-1.519119956948878,0.051101290082196216,-0.8094938659338925,-0.464507978158086,-1.4672232611588139,-0.5140394140969656,-1.020030653242631,0.9145645555289657,0.5111459322631292,-0.524844185802529,0.8936224880110957,0
-1.2209659790902565,0.48942209641297735,-0.06053309520393512,0.1465705892812564,1.4003055657170695,-0.8763792266653144,-1.020030653242631,0.9145645555289657,-1.350952181628052,-0.524844185802529,-1.119040773275156,1
-1.2382650153482653,0.037082500967138714,-1.558454636663849,-1.5372903521071537,-0.4570710607820822,-0.3932594765741826,1.055311469326303,1.7700973483530684,1.4421949892087198,-0.524844185802529,-1.119040773275156,1
-1.729761163149338,-0.6750719860777546,-0.8284548981042708,-0.16575845629885191,-0.1703181780944935,0.6937599611308641,0.017640408041835955,0.9145645555289657,-1.350952181628052,3.343786176378275,0.8936224880110957,0
-1.0357645320927507,-0.3498360786084338,-0.6198835442301056,-0.3490820265306546,-0.9979912713063964,1.9015593363586938,0.017640408041835955,0.9145645555289657,0.5111459322631292,-0.524844185802529,0.8936224880110957,1
-2.8084069533545906,-0.4788089384669575,-2.079883021349263,-0.3762410739724032,-0.6460672789170836,0.572980023608081,1.055311469326303,-0.7965010301192396,-1.350952181628052,-0.524844185802529,-1.119040773275156,0
-0.5788664568076961,-0.481612696289969,-0.7336497372523778,-0.08428131397360626,-0.5743790582451863,-0.15169960152861695,-1.020030653242631,0.05903176270486304,1.4421949892087198,-0.524844185802529,-1.119040773275156,1
-1.4082026068239988,0.6632550814396838,-0.5724809638041591,-0.3898205976932775,-0.5874132801855315,-2.929638164552625,0.017640408041835955,-0.7965010301192396,-0.41990312468246144,-0.524844185802529,0.8936224880110957,0
-0.5239165769293147,0.2342801345189401,0.7168692237815905,0.3774224925361191,1.5110964522100017,0.3314201485625154,-1.020030653242631,-0.7965010301192396,-1.350952181628052,-0.524844185802529,-1.119040773275156,1
-0.6063413967468861,0.6501708782656306,-0.145857739970639,1.5452615325313068,-0.07256151354190658,0.2106402110397323,0.017640408041835955,1.7700973483530684,-0.41990312468246144,-0.524844185802529,-1.119040773275156,1
-0.1280739237313492,-0.9246064323257689,-0.11741619171507076,-0.9126322609469371,-1.5780141476517455,-0.15169960152861695,1.055311469326303,0.05903176270486304,0.5111459322631292,2.054242722318007,0.8936224880110957,0
-0.7294698312891832,0.552039354460232,-0.136377223885449,-2.2026870144299933,-1.3825008185465717,-0.15169960152861695,1.055311469326303,0.05903176270486304,-1.350952181628052,-0.524844185802529,-1.119040773275156,1
0.6859983707631812,0.6632550814396838,0.669466643355644,0.126201303699945,-0.2224550658558735,-2.4465184144614933,0.017640408041835955,-0.7965010301192396,0.5111459322631292,-0.524844185802529,0.8936224880110957,1
0.35019354928418767,-1.2115243162139349,-0.5440394155485909,0.5471665390470476,1.654472893553796,-0.6348193516197488,1.055311469326303,-0.7965010301192396,1.4421949892087198,2.054242722318007,-1.119040773275156,1
0.3390000552348879,0.17166287647168677,0.04375258173314785,-1.9175170162916335,0.14250314847378448,0.3314201485625154,1.055311469326303,0.05903176270486304,-0.41990312468246144,0.7646992682577389,0.8936224880110957,1
-1.6564946566448302,-0.14329258564659364,-1.7196234101120684,-0.8515244042030028,1.4068226766872425,0.08986027351694922,0.017640408041835955,0.05903176270486304,0.5111459322631292,2.054242722318007,0.8936224880110957,0
-0.5066175406713057,-1.6881631461258721,-1.0180652198080575,0.7576491567205988,1.341651566985518,-0.5140394140969656,1.055311469326303,0.05903176270486304,0.5111459322631292,-0.524844185802529,-1.119040773275156,1
0.903762709540468,-0.8984380259776624,0.04375258173314785,0.3502634450943706,0.5921838054156847,-0.8763792266653144,2.09298253061077,0.05903176270486304,-0.41990312468246144,-0.524844185802529,-1.119040773275156,1
-0.00799826029340675,1.226810403864974,0.6884276755260222,-0.002804171648360612,-0.05952729160156148,0.8145398986536466,-1.020030653242631,0.9145645555289657,-0.41990312468246144,-0.524844185802529,-1.119040773275156,1
-1.1945086295191845,-1.556386528444337,-0.48715631903745443,-0.07070179025273199,-1.050128159067776,-0.6348193516197488,0.017640408041835955,0.05903176270486304,-0.41990312468246144,-0.524844185802529,-1.119040773275156,1
0.36138704333348737,0.8333497227023757,1.3331027693188966,1.3347789148577556,1.4263740095977597,0.6937599611308641,-1.020030653242631,-0.7965010301192396,-0.41990312468246144,-0.524844185802529,-1.119040773275156,1
-0.6897838069325762,0.4772724791799284,-0.4776758029522653,-0.043542742810983436,-0.03345884772087218,-0.3932594765741826,0.017640408041835955,0.9145645555289657,-1.350952181628052,-0.524844185802529,0.8936224880110957,1
0.4550053572003571,-0.5498374699832453,0.04375258173314785,0.24841701718781348,-1.3042954869045023,1.0560997736992128,1.055311469326303,-0.7965010301192396,-1.350952181628052,-0.524844185802529,0.8936224880110957,1
-1.1415939303770395,0.5651235576342852,0.15751877475541995,-1.1299046404809254,-0.7438239434696705,1.5392195237903452,1.055311469326303,0.05903176270486304,1.4421949892087198,0.7646992682577389,0.8936224880110957,1
0.1537986082373815,0.08100804019431845,0.6410250951000758,1.1718246302072641,0.25329403496671654,-0.6348193516197488,0.017640408041835955,-0.7965010301192396,2.3732440461543107,0.7646992682577389,0.8936224880110957,1
-1.7246732113087473,0.10063434495539762,-0.7146887050819987,0.06509344695601077,-1.0305768261572588,0.08986027351694922,1.055311469326303,0.9145645555289657,2.3732440461543107,-0.524844185802529,0.8936224880110957,1
-0.510687902143779,-1.8563886155065557,-1.4162468953860095,-1.7206139223389565,0.7485944686998233,1.9015593363586938,0.017640408041835955,0.05903176270486304,-0.41990312468246144,-0.524844185802529,0.8936224880110957,1
0.9576949990507307,-0.5199307198711244,-0.032091546948366884,-0.24723559862409758,0.8919709100436176,0.45220008608529794,-1.020030653242631,0.05903176270486304,-0.41990312468246144,-0.524844185802529,-1.119040773275156,1
-0.5463035650279141,-0.7404930019480207,-0.6672861246560522,0.2823658264899992,-0.8806832738432923,0.9353198361764303,-1.020030653242631,-1.6520338229433422,-1.350952181628052,-0.524844185802529,0.8936224880110957,0
-2.2009055035880474,0.33988834585237016,-0.43027322252631883,0.06509344695601077,0.6899404699682716,-0.15169960152861695,-1.020030653242631,-1.6520338229433422,-1.350952181628052,-0.524844185802529,0.8936224880110957,1
-0.06294814017178674,-1.0246071280131752,-0.34494857775961496,-1.1774329735039855,-1.1413677126501909,1.0560997736992128,-1.020030653242631,0.05903176270486304,1.4421949892087198,-0.524844185802529,0.8936224880110957,0
-1.9302264656686159,-1.2255431053289918,-1.767025990538015,-1.4422336860610339,-1.278227043023812,-1.9633986643703614,-1.020030653242631,0.05903176270486304,-0.41990312468246144,0.7646992682577389,0.8936224880110957,0
-0.06600091127614134,-0.3554435942544555,0.16699929084060908,1.06318844044027,-0.020424625780527075,1.9015593363586938,1.055311469326303,1.7700973483530684,2.3732440461543107,2.054242722318007,0.8936224880110957,1
0.31254270566381515,-0.2573120704490569,-1.482610507982335,0.07867297067688504,-0.7633752763801877,0.08986027351694922,0.017640408041835955,0.05903176270486304,-1.350952181628052,-0.524844185802529,-1.119040773275156,1
-0.5880247701207599,-1.637695505311667,-1.9945583765825592,-0.3898205976932775,1.054898684297929,-1.8426187268475784,-1.020030653242631,0.9145645555289657,-0.41990312468246144,0.7646992682577389,-1.119040773275156,0
0.23215306658247964,0.5034408855280349,0.6315445790148866,1.599579627414804,1.4263740095977597,-1.1179391017108806,0.017640408041835955,0.9145645555289657,-0.41990312468246144,-0.524844185802529,0.8936224880110957,1
-0.6002358545381768,-0.2554428985670497,0.15751877475541995,0.2687863027691249,0.5465640286244773,0.2106402110397323,1.055311469326303,1.7700973483530684,-0.41990312468246144,0.7646992682577389,-1.119040773275156,1
0.549641261435347,-1.1909634255118515,0.38505116079996415,0.23483749346693922,-0.6525843898872561,-0.5140394140969656,-1.020030653242631,0.9145645555289657,-0.41990312468246144,0.7646992682577389,0.8936224880110957,1
-0.16775994808795763,0.2623177127490551,0.6599861272704549,-1.007688926993057,0.6703891370577536,1.9015593363586938,-1.020030653242631,2.625630141177171,-0.41990312468246144,3.343786176378275,-1.119040773275156,1
1.3107988567877331,1.0025097780240635,0.3376485803740177,1.0020805836963358,1.0223131294470669,-0.8763792266653144,0.017640408041835955,0.9145645555289657,-0.41990312468246144,-0.524844185802529,-1.119040773275156,1
0.0011600530196570634,-0.650772751611656,-0.15533825605582813,1.2193529632303242,-1.525877259890366,1.6599994613131277,-1.020030653242631,-0.7965010301192396,-1.350952181628052,0.7646992682577389,-1.119040773275156,1
-0.19930524949962092,-1.5246106064502074,-0.3828706421003723,-0.1453891707175405,0.25329403496671654,0.9353198361764303,0.017640408041835955,-1.6520338229433422,-1.350952181628052,-0.524844185802529,0.8936224880110957,1
0.9963634330392205,0.6884889018467872,0.6410250951000758,-1.0891660693183027,-0.5808961692153589,-0.5140394140969656,-1.020030653242631,0.9145645555289657,0.5111459322631292,-0.524844185802529,-1.119040773275156,1
0.47840993566707524,0.23334554857793713,0.2902459999480703,0.07867297067688504,2.1953931040781103,-0.3932594765741826,-1.020030653242631,0.9145645555289657,-0.41990312468246144,-0.524844185802529,0.8936224880110957,1
-1.0286413995159236,-0.481612696289969,-0.33546806167442583,0.43853034928005336,0.025195151010680348,0.3314201485625154,0.017640408041835955,0.05903176270486304,-1.350952181628052,0.7646992682577389,0.8936224880110957,1
-1.9414199597179156,-0.19469481240180228,0.08167464607390522,1.450204866485187,1.0027617965365496,0.2106402110397323,-1.020030653242631,0.05903176270486304,-0.41990312468246144,0.7646992682577389,0.8936224880110957,1
0.20976607848388018,-0.5031081729330554,0.05323309781833698,0.38421225439655626,1.9347086652712115,1.5392195237903452,0.017640408041835955,0.05903176270486304,-1.350952181628052,2.054242722318007,-1.119040773275156,1
-0.5147582636162509,-0.4460984305318238,-1.4446884436415777,-1.0280582125743685,-0.7829266092907053,-0.3932594765741826,0.017640408041835955,-0.7965010301192396,0.5111459322631292,-0.524844185802529,-1.119040773275156,0
-1.2555640516062743,-2.0844275851114826,-1.160272961085897,-1.8496193976872621,-0.38538284011018503,0.08986027351694922,2.09298253061077,-0.7965010301192396,0.5111459322631292,-0.524844185802529,-1.119040773275156,1
0.24741692210425267,-1.1965709411578744,0.45141477339628894,0.7033310618371017,0.8724195771331005,-0.15169960152861695,-1.020030653242631,2.625630141177171,-1.350952181628052,-0.524844185802529,-1.119040773275156,1
-0.37636597355218077,-1.0489063624792738,-0.48715631903745443,-0.9805298795513084,0.2467769239965435,-1.2387190392336636,-1.020030653242631,0.05903176270486304,-0.41990312468246144,-0.524844185802529,0.8936224880110957,0
-1.0143951343622692,0.846433925876429,-0.8853379946154064,0.003985590212076525,-0.9132688286941546,-1.3594989767564467,0.017640408041835955,-0.7965010301192396,-1.350952181628052,4.633329630438543,-1.119040773275156,0
2.2011904288911257,-0.6619877829037021,1.380505349744844,1.0767679641611443,1.569750450941554,-1.4802789142792292,1.055311469326303,-0.7965010301192396,-1.350952181628052,0.7646992682577389,0.8936224880110957,1
0.07951451136475521,1.8735438750396027,1.4089468980004114,0.9681317743941501,1.9216744433308666,-0.2724795390513995,0.017640408041835955,-1.6520338229433422,2.3732440461543107,-0.524844185802529,-1.119040773275156,1
1.7249581366118247,0.823069277351334,1.380505349744844,0.6490129669536047,0.1685715923544747,0.3314201485625154,-1.020030653242631,0.05903176270486304,0.5111459322631292,-0.524844185802529,-1.119040773275156,1
-0.0283500676557703,-1.6442376068986937,-1.055987284148815,0.20088868416475353,-1.2977783759343298,1.5392195237903452,0.017640408041835955,-0.7965010301192396,-1.350952181628052,2.054242722318007,-1.119040773275156,0
-0.16063681551113118,-0.055441507192236825,0.49881735382223624,-0.7768370237381943,1.0092789075067217,-0.7555992891425318,1.055311469326303,1.7700973483530684,-0.41990312468246144,-0.524844185802529,-1.119040773275156,1
1.2080222296077983,-0.26198500015407566,0.8495964489742408,0.43853034928005336,0.5661153615349945,1.4184395862675616,-1.020030653242631,-0.7965010301192396,0.5111459322631292,-0.524844185802529,0.8936224880110957,1
-0.8749852539300812,0.1230644075394883,-1.2076755415118445,-1.8699886832685735,0.4357731421315453,1.5392195237903452,0.017640408041835955,-0.7965010301192396,-1.350952181628052,-0.524844185802529,-1.119040773275156,0
0.8060740342011236,0.09409224336837035,0.1859603230109882,0.03793439951426222,-1.330363930785192,-0.8763792266653144,-1.020030653242631,0.05903176270486304,0.5111459322631292,-0.524844185802529,-1.119040773275156,1
-1.2138428465134292,-0.5769404622723561,-0.7715718015931351,-0.6749905958316372,-1.232607266232605,1.9015593363586938,-1.020030653242631,0.05903176270486304,-0.41990312468246144,-0.524844185802529,-1.119040773275156,0
-0.4282630823262076,-2.389102601878721,-1.482610507982335,-1.1978022590852968,-1.897352585190196,0.9353198361764303,-1.020030653242631,0.9145645555289657,-1.350952181628052,-0.524844185802529,-1.119040773275156,0
0.49367379118884824,-0.7348854863019978,0.3755706447147742,0.961342012533713,0.40970469825085504,-0.15169960152861695,0.017640408041835955,0.9145645555289657,0.5111459322631292,-0.524844185802529,-1.119040773275156,1
1.18461765114108,-0.3330135316703648,0.27128496777769207,-1.007688926993057,0.8593853551927554,-0.2724795390513995,1.055311469326303,-0.7965010301192396,-0.41990312468246144,0.7646992682577389,0.8936224880110957,1
0.14260511418808178,-1.0591868078303162,-0.17429928822620638,0.9885010599754616,0.3966704763105109,0.3314201485625154,0.017640408041835955,0.05903176270486304,0.5111459322631292,-0.524844185802529,-1.119040773275156,1
1.731063678820534,-0.40030371942263815,0.9254405776557556,0.7237003474184132,-0.6134817240662213,1.9015593363586938,-1.020030653242631,-0.7965010301192396,-0.41990312468246144,-0.524844185802529,0.8936224880110957,1
-0.06701850164426003,1.1099871612394994,0.5082978699074254,1.9662267678784093,-0.18335240003483863,-0.3932594765741826,-1.020030653242631,0.05903176270486304,-1.350952181628052,0.7646992682577389,-1.119040773275156,1
0.45398776683223985,-0.32179850037831875,-0.8948185107005964,0.6625924906744789,0.5530811395946494,-0.15169960152861695,0.017640408041835955,0.05903176270486304,-0.41990312468246144,0.7646992682577389,-1.119040773275156,1
-1.0449228454058146,-1.3806843715356227,-1.1128703806599507,0.8798648702084673,1.4850280083293113,0.2106402110397323,-1.020030653242631,-0.7965010301192396,-0.41990312468246144,-0.524844185802529,-1.119040773275156,1
0.9383607820564844,0.5856844483363687,-0.25014341690772113,-1.5033415428049681,-0.5352763924241515,0.2106402110397323,1.055311469326303,1.7700973483530684,1.4421949892087198,0.7646992682577389,0.8936224880110957,1
-1.4122729682964712,2.5642028854414094,-0.49663683512264445,-0.16575845629885191,-0.9979912713063964,0.2106402110397323,-1.020030653242631,-0.7965010301192396,-0.41990312468246144,-0.524844185802529,0.8936224880110957,1
-0.8118946511067546,-0.6489035797296488,-0.013130514777987781,-0.3015536935075947,-1.050128159067776,0.572980023608081,-1.020030653242631,0.9145645555289657,2.3732440461543107,-0.524844185802529,0.8936224880110957,1
0.3237361997131149,0.14269071230056882,-0.2691044490781002,0.23483749346693922,-0.6004475021258762,-1.8426187268475784,0.017640408041835955,0.05903176270486304,-0.41990312468246144,0.7646992682577389,-1.119040773275156,1
-0.9401110374896436,1.3875591857176273,0.6599861272704549,1.0360293929985214,-0.7894437202608774,0.572980023608081,0.017640408041835955,-0.7965010301192396,0.5111459322631292,-0.524844185802529,-1.119040773275156,1
1.765661751336552,0.05951256355123072,0.6315445790148866,0.1805193985834421,-0.49617372660311665,-1.1179391017108806,-1.020030653242631,2.625630141177171,1.4421949892087198,0.7646992682577389,0.8936224880110957,1
0.6493651175109273,0.8707331603425269,1.683881864470903,2.2717660515980804,2.1953931040781103,1.7807793988359113,0.017640408041835955,0.05903176270486304,-1.350952181628052,-0.524844185802529,0.8936224880110957,1
-2.563167674638114,0.7978354569442305,-0.31650702950404674,0.15336035114169355,0.8593853551927554,-0.030919664005833864,0.017640408041835955,-0.7965010301192396,-0.41990312468246144,-0.524844185802529,0.8936224880110957,1
-0.1636895866154858,-0.1339467262365562,-0.06053309520393512,-0.16575845629885191,0.8528682442225832,-0.6348193516197488,1.055311469326303,0.05903176270486304,0.5111459322631292,-0.524844185802529,-1.119040773275156,1
-1.2046845332003662,-0.3825465865435662,-0.6862471568264304,-0.7836267855986314,0.1816058142948189,1.0560997736992128,-1.020030653242631,0.05903176270486304,-0.41990312468246144,-0.524844185802529,0.8936224880110957,1
-0.7772965785907382,0.268859814336081,-1.4446884436415777,-2.094050824662999,1.452442453478449,-2.4465184144614933,1.055311469326303,-0.7965010301192396,0.5111459322631292,-0.524844185802529,-1.119040773275156,0
0.015406318173311402,-2.389102601878721,-0.5061173512078335,0.23483749346693922,-0.43751972787156457,-0.030919664005833864,-1.020030653242631,0.05903176270486304,-0.41990312468246144,-0.524844185802529,0.8936224880110957,1
-0.5249341672974334,0.04829753225918472,1.4563494784263586,0.47926892044267616,-1.0892308248888107,1.0560997736992128,0.017640408041835955,0.9145645555289657,-1.350952181628052,-0.524844185802529,0.8936224880110957,1
0.5699930687977105,-0.605912626443474,0.7073887076964014,-0.8175755949008171,-0.4244855059312199,0.45220008608529794,1.055311469326303,0.05903176270486304,-1.350952181628052,-0.524844185802529,0.8936224880110957,1
0.5771162013745369,-1.3115250119013413,-1.3404027667044949,1.008870345556773,0.22070848011585423,0.08986027351694922,2.09298253061077,-0.7965010301192396,0.5111459322631292,0.7646992682577389,-1.119040773275156,1
0.9882227100942754,1.0062481217880779,1.4658299945115478,0.7780184423019102,1.4328911205679318,-0.5140394140969656,0.017640408041835955,-1.6520338229433422,0.5111459322631292,-0.524844185802529,0.8936224880110957,1
0.7785990942619336,-1.2573190273231212,-0.3070265134188576,0.8594955846271559,0.47487580795257966,-0.15169960152861695,-1.020030653242631,0.05903176270486304,0.5111459322631292,-0.524844185802529,-1.119040773275156,1
0.35222873002042354,-0.25170455480303394,-0.856896446359839,0.41816106369874195,0.39015336534033784,0.8145398986536466,0.017640408041835955,0.05903176270486304,-0.41990312468246144,2.054242722318007,-1.119040773275156,0
0.042881258112501396,1.73522515577104,1.2288170923818145,-0.6478315483898887,-0.046493069661217294,-0.5140394140969656,2.09298253061077,0.05903176270486304,0.5111459322631292,-0.524844185802529,0.8936224880110957,1
-0.4089288653319627,-0.3302097738473533,-0.648325092485673,1.3279891529973185,0.6834233589980987,0.6937599611308641,0.017640408041835955,0.9145645555289657,-0.41990312468246144,-0.524844185802529,0.8936224880110957,1
0.38173885069584945,-0.15637678882064687,-0.15533825605582813,-0.81078583304038,-0.9328201616046717,1.9015593363586938,1.055311469326303,-0.7965010301192396,-1.350952181628052,-0.524844185802529,0.8936224880110957,1
2.5848219976716726,0.49876795582301614,2.3569985065193446,1.3211993911368813,-0.16380106712432144,-0.7555992891425318,-1.020030653242631,0.9145645555289657,1.4421949892087198,-0.524844185802529,-1.119040773275156,1
-0.5931127219613505,-0.09656328859640373,-0.04157206303355602,-0.31513321722846893,0.12295181556326729,0.9353198361764303,-1.020030653242631,0.9145645555289657,1.4421949892087198,-0.524844185802529,0.8936224880110957,1
-0.7579623615964919,1.007182707729082,-0.15533825605582813,1.212563201369887,-1.27170993205364,0.08986027351694922,0.017640408041835955,-0.7965010301192396,-1.350952181628052,-0.524844185802529,-1.119040773275156,1
-1.0632394720319414,0.7959662850622232,0.005830517392390482,-0.6885701195525116,0.618252249296374,-2.2049585394159275,0.017640408041835955,0.9145645555289657,-0.41990312468246144,0.7646992682577389,0.8936224880110957,1
-0.851580675463363,-0.7320817284789869,-1.4067663793008205,-1.1231148786204883,-0.7698923873503603,-0.15169960152861695,-1.020030653242631,-1.6520338229433422,-0.41990312468246144,-0.524844185802529,-1.119040773275156,0
-1.624949355233167,-2.1582598744507826,-1.9281947639862336,-0.9397913083886856,-0.33976306331897765,0.8145398986536466,1.055311469326303,0.05903176270486304,-1.350952181628052,-0.524844185802529,-1.119040773275156,0
0.6310484908847996,0.5735348311033197,1.29518070497814,0.7983877278832217,-1.2977783759343298,0.45220008608529794,1.055311469326303,0.05903176270486304,-0.41990312468246144,-0.524844185802529,-1.119040773275156,1
-0.2542551293780024,1.332418615198403,1.7028428966412812,-0.09786083769448053,2.1953931040781103,1.0560997736992128,0.017640408041835955,0.9145645555289657,-0.41990312468246144,-0.524844185802529,0.8936224880110957,1
-2.8084069533545906,-0.026469343021118873,-1.6342987653453638,-0.7293086907151344,-0.19638662197518375,0.8145398986536466,0.017640408041835955,0.05903176270486304,-0.41990312468246144,-0.524844185802529,-1.119040773275156,0
0.6971918648124809,-0.49563148540502516,0.5272589020778037,-0.3830308358328403,1.869537555569487,-1.2387190392336636,-1.020030653242631,0.05903176270486304,-1.350952181628052,-0.524844185802529,-1.119040773275156,1
-0.27257175600412853,1.6473740773166834,-0.04157206303355602,0.5946948720701075,-0.5808961692153589,1.297659648744779,0.017640408041835955,0.05903176270486304,-0.41990312468246144,0.7646992682577389,-1.119040773275156,1
-1.0011664595767336,0.9623225825608994,0.2902459999480703,0.22125796974606493,0.513978473773615,0.08986027351694922,-1.020030653242631,0.05903176270486304,-0.41990312468246144,-0.524844185802529,0.8936224880110957,1
-1.502838511058988,1.5763455458003957,1.8924532183450673,0.9681317743941501,1.1200697939996538,-0.5140394140969656,1.055311469326303,-0.7965010301192396,1.4421949892087198,-0.524844185802529,-1.119040773275156,1
0.2982964405101608,-0.8059140178182869,-0.04157206303355602,0.370632730675682,-0.5548277253346692,0.2106402110397323,1.055311469326303,0.9145645555289657,1.4421949892087198,3.343786176378275,-1.119040773275156,1
0.8854460829143405,0.823069277351334,-0.12689670780025988,-0.6274622628085773,0.7616286906401684,-0.030919664005833864,1.055311469326303,-0.7965010301192396,-0.41990312468246144,-0.524844185802529,0.8936224880110957,1
1.0319790959233557,-1.1339536831106198,-0.10793567562988161,-0.6070929772272659,2.1953931040781103,1.297659648744779,-1.020030653242631,-1.6520338229433422,-0.41990312468246144,0.7646992682577389,0.8936224880110957,1
0.3390000552348879,1.2754088727971713,-0.638844576400484,-0.6410417865294515,-0.2094208439155284,-0.7555992891425318,0.017640408041835955,-0.7965010301192396,-0.41990312468246144,2.054242722318007,0.8936224880110957,0
2.0119186204211474,-0.37506989901553595,-0.5345588994634018,-0.416979645135026,0.07081492780188776,0.8145398986536466,-1.020030653242631,-0.7965010301192396,1.4421949892087198,-0.524844185802529,0.8936224880110957,1
-0.03343801949636082,-0.8152598772283244,-0.013130514777987781,-0.3219229790889061,1.367720010866207,0.3314201485625154,0.017640408041835955,-0.7965010301192396,1.4421949892087198,-0.524844185802529,-1.119040773275156,1
-1.2219835694583743,-0.06946029630729433,-0.0036499986927986494,0.2144682078856278,1.1070355720593088,0.9353198361764303,1.055311469326303,0.05903176270486304,-0.41990312468246144,-0.524844185802529,0.8936224880110957,1
-1.093767183075486,-0.008712210142046919,-0.9422210911265428,-1.598398208851088,0.2989138117579239,-0.030919664005833864,-1.020030653242631,-1.6520338229433422,-0.41990312468246144,-0.524844185802529,0.8936224880110957,0
-1.1853503162061205,-1.170402534809768,-1.3878053471304412,-0.5527748823437688,-0.7242726105591528,-1.8426187268475784,-1.020030653242631,-0.7965010301192396,0.5111459322631292,-0.524844185802529,0.8936224880110957,0
-0.05582500759496029,-0.5077811026380755,-1.4257274114711986,-0.8379448804821286,-1.3629494856360544,0.2106402110397323,1.055311469326303,-0.7965010301192396,-0.41990312468246144,-0.524844185802529,-1.119040773275156,0
0.09274318615029231,0.07540052454829545,-0.5630004477189692,-0.1997072656010376,0.09688337168257706,0.8145398986536466,-1.020030653242631,0.05903176270486304,1.4421949892087198,-0.524844185802529,-1.119040773275156,1
-0.7752613978545008,0.004371993032006309,0.7547912881223479,1.3958867716016898,-2.3665845750426135,-1.1179391017108806,1.055311469326303,0.05903176270486304,-1.350952181628052,-0.524844185802529,-1.119040773275156,1
-0.10670452600086844,-1.1769446363967946,-0.8284548981042708,-2.9224017716363297,-0.3788657291400125,1.1768797112219964,0.017640408041835955,-1.6520338229433422,-0.41990312468246144,-0.524844185802529,0.8936224880110957,0
1.3555728329849321,-1.7872292558722749,-0.5440394155485909,-0.5324055967624574,-0.8546148299626021,-1.3594989767564467,-1.020030653242631,2.625630141177171,1.4421949892087198,-0.524844185802529,-1.119040773275156,1
0.048986800321210604,1.6361590460246374,1.5890767036190099,0.7915979660227845,0.4813929189227527,-0.5140394140969656,2.09298253061077,0.05903176270486304,2.3732440461543107,0.7646992682577389,0.8936224880110957,1
-2.4461447823045246,0.7595174333630751,-1.3119612184489267,-0.8515244042030028,-1.375983707576399,-1.7218387893247955,0.017640408041835955,0.05903176270486304,2.3732440461543107,-0.524844185802529,-1.119040773275156,0
-0.7844197111675646,1.1268097081775683,-0.5250783833782118,0.0718832088164479,1.4719937863889672,-0.2724795390513995,-1.020030653242631,1.7700973483530684,-0.41990312468246144,-0.524844185802529,0.8936224880110957,1
1.3820301825560048,-0.351705250490441,0.16699929084060908,-0.49166702559983455,-0.4049341730207023,1.7807793988359113,-1.020030653242631,-1.6520338229433422,-0.41990312468246144,-0.524844185802529,0.8936224880110957,1
-1.3644462209949177,0.5875536202183759,0.27128496777769207,0.16693987486256784,-0.4244855059312199,0.6937599611308641,1.055311469326303,0.05903176270486304,0.5111459322631292,-0.524844185802529,0.8936224880110957,1
0.6636113826645816,-0.07039488224829728,0.03427206564795872,-0.1453891707175405,0.1816058142948189,1.1768797112219964,0.017640408041835955,0.9145645555289657,0.5111459322631292,-0.524844185802529,0.8936224880110957,1
-0.07108886311673186,0.8165271757643067,0.05323309781833698,1.008870345556773,-0.3984170620505297,-0.6348193516197488,0.017640408041835955,0.05903176270486304,-1.350952181628052,-0.524844185802529,0.8936224880110957,1
1.1205094579496362,0.6286754016225441,0.21440187126655558,-0.6070929772272659,-1.3890179295167442,1.4184395862675616,0.017640408041835955,-0.7965010301192396,-0.41990312468246144,-0.524844185802529,0.8936224880110957,1
-1.0642570624000594,0.16138243112064504,-1.0654678002340041,-0.1997072656010376,0.8202826893717209,0.3314201485625154,2.09298253061077,0.05903176270486304,0.5111459322631292,-0.524844185802529,-1.119040773275156,1
-0.5391804324510877,-0.09375953077339223,-1.2076755415118445,-0.9669503558304342,-0.9002346067538095,1.6599994613131277,0.017640408041835955,0.05903176270486304,-1.350952181628052,0.7646992682577389,0.8936224880110957,0
0.3115251152956965,0.06325090731524517,0.7358302559519696,-0.6070929772272659,-0.013907514810354982,0.45220008608529794,-1.020030653242631,0.05903176270486304,-0.41990312468246144,-0.524844185802529,0.8936224880110957,1
-0.03242042912824214,-0.3909578600126007,-0.06053309520393512,0.4113713018383048,-0.1377326232436312,-0.9971591641880975,-1.020030653242631,0.05903176270486304,1.4421949892087198,-0.524844185802529,-1.119040773275156,1
1.1612130726743635,-0.0049738663780311415,0.4324537412259107,-0.11823012327579195,1.4328911205679318,0.08986027351694922,-1.020030653242631,-1.6520338229433422,-0.41990312468246144,-0.524844185802529,-1.119040773275156,1
0.477392345298958,0.12680275130350407,-1.463649475811956,0.47926892044267616,0.25329403496671654,-1.6010588518020124,0.017640408041835955,0.9145645555289657,0.5111459322631292,0.7646992682577389,0.8936224880110957,0
-0.4364038052711527,-0.5489028840422424,0.015311033477579613,-1.0687967837369912,0.7290431357893061,1.5392195237903452,0.017640408041835955,0.05903176270486304,-0.41990312468246144,-0.524844185802529,0.8936224880110957,1
-0.5117054925118977,-0.9432981511458451,-0.8000133498487025,-0.8175755949008171,-1.2130559333220874,0.572980023608081,-1.020030653242631,0.05903176270486304,-0.41990312468246144,-0.524844185802529,0.8936224880110957,0
1.0981224698510368,-0.9414289792638372,1.6649208323005247,1.4298355809038754,1.5958188948222434,-0.15169960152861695,0.017640408041835955,-0.7965010301192396,2.3732440461543107,-0.524844185802529,-1.119040773275156,1
-0.937058266385289,1.2557825680360921,0.024791549562769587,0.20767844602519067,-0.5417935033943241,-0.6348193516197488,0.017640408041835955,-0.7965010301192396,0.5111459322631292,0.7646992682577389,0.8936224880110957,1
-0.34278549140428155,0.9202662152157283,1.285700188892951,0.15336035114169355,-0.39189995108035763,0.8145398986536466,0.017640408041835955,0.05903176270486304,1.4421949892087198,0.7646992682577389,-1.119040773275156,1
-1.1487170629538668,2.2370978060900804,0.024791549562769587,0.9409727269524015,-0.28110906458742557,0.2106402110397323,1.055311469326303,-0.7965010301192396,-1.350952181628052,-0.524844185802529,0.8936224880110957,1
0.1690624637591545,-2.389102601878721,-0.657805608570863,-1.605187970711525,-0.09211284645242379,1.9015593363586938,-1.020030653242631,0.9145645555289657,0.5111459322631292,-0.524844185802529,0.8936224880110957,1
1.47259572531852,1.2595209118001078,2.508686763882374,2.0544936720640923,-0.6525843898872561,-1.1179391017108806,2.09298253061077,-0.7965010301192396,0.5111459322631292,-0.524844185802529,-1.119040773275156,1
0.2311354762143624,0.693161831551806,-0.07949412737431338,0.2144682078856278,0.10340048265275008,0.6937599611308641,1.055311469326303,0.9145645555289657,-1.350952181628052,-0.524844185802529,0.8936224880110957,1
0.5242015022323928,1.7417672573580674,1.7218039288116596,0.5132177297448619,-0.483139504662772,0.6937599611308641,-1.020030653242631,-0.7965010301192396,0.5111459322631292,2.054242722318007,-1.119040773275156,1
0.6442771656703368,-1.213393488095943,-0.9801431554673002,-0.4305591688559003,-1.3042954869045023,-0.7555992891425318,-1.020030653242631,-1.6520338229433422,-0.41990312468246144,-0.524844185802529,0.8936224880110957,0
0.1629569215504453,-0.9003071978596703,0.05323309781833698,0.43853034928005336,-0.7307897215293254,-0.3932594765741826,-1.020030653242631,1.7700973483530684,1.4421949892087198,-0.524844185802529,0.8936224880110957,1
1.8368930771048235,-2.003118608244152,0.7547912881223479,0.9206034413710902,1.5827846728818982,-1.7218387893247955,0.017640408041835955,0.05903176270486304,-1.350952181628052,-0.524844185802529,0.8936224880110957,1
0.6798928285544719,-0.45077136023684383,0.7927133524631053,0.6014846339305446,0.1685715923544747,0.9353198361764303,1.055311469326303,-0.7965010301192396,-0.41990312468246144,0.7646992682577389,0.8936224880110957,1
0.5282718637048661,-0.5741367044493445,1.6459598001301448,1.8236417688092295,1.7782980019870722,-0.7555992891425318,1.055311469326303,-1.6520338229433422,2.3732440461543107,2.054242722318007,-1.119040773275156,1
1.1164390964771629,0.5791423467493427,1.4184274140856006,0.6082743957909817,0.6964575809384438,0.2106402110397323,0.017640408041835955,0.05903176270486304,-0.41990312468246144,-0.524844185802529,-1.119040773275156,1
0.3298417419218241,-0.005908452319035418,0.38505116079996415,-1.2453305921083568,-1.8061130316077816,-0.2724795390513995,0.017640408041835955,0.9145645555289657,-0.41990312468246144,-0.524844185802529,-1.119040773275156,1
-0.98081465221437,0.410916877368658,0.3092070321184494,0.8527058227667188,2.1953931040781103,-1.6010588518020124,0.017640408041835955,-0.7965010301192396,-0.41990312468246144,-0.524844185802529,-1.119040773275156,1
0.23215306658247964,1.6352244600836343,1.996738895282151,0.2144682078856278,-2.086348803325198,-1.1179391017108806,-1.020030653242631,0.9145645555289657,0.5111459322631292,-0.524844185802529,-1.119040773275156,1
0.8986747576998775,0.2062425562888264,0.2333629034369347,-0.3626615502515289,-0.31369461943828786,1.4184395862675616,0.017640408041835955,-0.7965010301192396,-1.350952181628052,-0.524844185802529,0.8936224880110957,1
-0.09856380305592331,-1.0143266826621335,-0.07001361128912426,-0.3287127409493432,-0.6069646130960487,-2.2049585394159275,1.055311469326303,-0.7965010301192396,0.5111459322631292,-0.524844185802529,0.8936224880110957,1
-0.34889103361299073,-0.060114436897255555,0.8021938685482943,-0.28118440792628324,-0.33976306331897765,-0.3932594765741826,-1.020030653242631,-0.7965010301192396,2.3732440461543107,-0.524844185802529,-1.119040773275156,1
-1.312549112220891,1.3071847947913007,1.3994663819152222,2.55693604973644,-0.013907514810354982,-1.2387190392336636,0.017640408041835955,-0.7965010301192396,-0.41990312468246144,-0.524844185802529,0.8936224880110957,1
0.18941427112151663,-0.4348833992397791,-0.28806548124847847,0.9409727269524015,-2.09286591429537,0.08986027351694922,0.017640408041835955,-1.6520338229433422,-0.41990312468246144,-0.524844185802529,0.8936224880110957,1
-0.4414917571117432,1.1548472864076822,0.3092070321184494,0.3366839213734963,-1.545428592800883,-1.2387190392336636,2.09298253061077,1.7700973483530684,0.5111459322631292,-0.524844185802529,0.8936224880110957,1
0.5089376467106198,-1.0161958545441414,-1.3498832827896838,-0.18612774188016334,-0.5417935033943241,-0.2724795390513995,-1.020030653242631,0.05903176270486304,0.5111459322631292,-0.524844185802529,0.8936224880110957,0
-1.30237320853971,0.25203726739801335,-1.283519670193359,-1.1366944023413625,0.012160929070335237,0.9353198361764303,1.055311469326303,1.7700973483530684,-1.350952181628052,-0.524844185802529,-1.119040773275156,1
0.6524178886152819,0.3464304474393961,-0.15533825605582813,-0.28118440792628324,-1.1674361565308806,0.9353198361764303,0.017640408041835955,0.05903176270486304,0.5111459322631292,0.7646992682577389,-1.119040773275156,1
-0.824105735524173,-0.4302104695347604,-0.6104030281449156,0.16693987486256784,-1.278227043023812,0.3314201485625154,0.017640408041835955,1.7700973483530684,-0.41990312468246144,0.7646992682577389,0.8936224880110957,1
0.7490889735865063,-0.3629202817824857,-0.3070265134188576,-0.6206725009481402,0.4162218092210281,0.3314201485625154,1.055311469326303,-0.7965010301192396,1.4421949892087198,-0.524844185802529,0.8936224880110957,1
-0.24916717753741038,-0.2741346173871259,-0.06053309520393512,0.11941154183950786,-0.8415806080222574,-1.7218387893247955,0.017640408041835955,-1.6520338229433422,0.5111459322631292,-0.524844185802529,0.8936224880110957,1
-0.08126476679791436,1.4941019829920603,1.190895028041058,0.09225249439775932,0.10340048265275008,-1.2387190392336636,-1.020030653242631,-1.6520338229433422,-0.41990312468246144,-0.524844185802529,0.8936224880110957,1
-1.317637064061482,1.3296148573753928,-0.847415930274649,0.11262177997907073,0.05126359489136964,-0.2724795390513995,-1.020030653242631,0.9145645555289657,-0.41990312468246144,-0.524844185802529,0.8936224880110957,1
1.3891533151328312,-0.29002257838419065,0.6505056111852648,0.5879051102096704,2.1302219943763854,-0.7555992891425318,-1.020030653242631,0.05903176270486304,0.5111459322631292,-0.524844185802529,0.8936224880110957,1
-0.8251233258922916,-0.5152577901661057,-0.29754599733366843,1.3347789148577556,1.3937884547468975,0.45220008608529794,0.017640408041835955,2.625630141177171,-1.350952181628052,-0.524844185802529,0.8936224880110957,1
-1.3400240521600817,-0.08254449948134623,-1.3878053471304412,-1.0416377362952427,-0.7242726105591528,-1.7218387893247955,0.017640408041835955,-1.6520338229433422,-0.41990312468246144,-0.524844185802529,0.8936224880110957,0
0.42549523652493115,-0.7872222989982106,-0.145857739970639,0.5335870153261733,0.005643818100163145,-0.8763792266653144,0.017640408041835955,0.9145645555289657,-1.350952181628052,-0.524844185802529,0.8936224880110957,1
-0.6226228426367764,0.6782084564957442,-1.5963767010046064,-0.9737401176908713,-1.3564323746658817,-0.9971591641880975,0.017640408041835955,0.05903176270486304,-0.41990312468246144,0.7646992682577389,-1.119040773275156,0
0.16193933118232665,-1.0900281438834414,-0.8000133498487025,-0.6749905958316372,-0.37234861816983994,0.9353198361764303,-1.020030653242631,-1.6520338229433422,-0.41990312468246144,3.343786176378275,0.8936224880110957,0
0.2993140308782795,-2.235830507554098,-0.8663769624450282,-0.5935134535063916,0.2141913691456812,0.572980023608081,0.017640408041835955,1.7700973483530684,0.5111459322631292,-0.524844185802529,-1.119040773275156,1
-1.1456642918495121,-2.389102601878721,-0.6862471568264304,0.8255467753249702,1.5632333399713811,-0.8763792266653144,0.017640408041835955,0.05903176270486304,-0.41990312468246144,-0.524844185802529,0.8936224880110957,1
1.0828586143292638,-0.8722696196295566,-1.7101428940268786,-2.718708915823216,0.9050051319839627,0.572980023608081,0.017640408041835955,0.05903176270486304,-0.41990312468246144,-0.524844185802529,-1.119040773275156,0
-0.5513915168685046,0.026802055616096988,0.31868754820363854,1.456994628345624,2.052016662734316,-0.9971591641880975,-1.020030653242631,0.9145645555289657,-0.41990312468246144,-0.524844185802529,0.8936224880110957,1
-1.1344707978002124,0.40904770548665076,-1.8428701192195298,-2.0804713009421247,-0.007390403840181965,0.572980023608081,-1.020030653242631,0.05903176270486304,1.4421949892087198,-0.524844185802529,0.8936224880110957,0
-0.4038409134913722,0.7548445036580563,0.41349270905553154,0.6490129669536047,0.722526024819134,-1.3594989767564467,3.130653591895237,-0.7965010301192396,-0.41990312468246144,-0.524844185802529,0.8936224880110957,1
-0.12095079115452277,0.45110407283182197,0.08167464607390522,0.9206034413710902,0.5921838054156847,-0.3932594765741826,2.09298253061077,2.625630141177171,0.5111459322631292,2.054242722318007,0.8936224880110957,1
0.5109728274468572,1.839898781163466,1.2098560602114363,0.5064279678844247,2.1953931040781103,-1.3594989767564467,0.017640408041835955,0.9145645555289657,-1.350952181628052,0.7646992682577389,0.8936224880110957,1
1.226338856233926,-0.5311457511631704,0.2333629034369347,-0.8447346423425657,0.4357731421315453,-0.6348193516197488,-1.020030653242631,0.9145645555289657,0.5111459322631292,-0.524844185802529,0.8936224880110957,1
2.1045193439199,-2.389102601878721,-0.24066290082253197,-0.5324055967624574,-0.3658315071996674,0.45220008608529794,1.055311469326303,0.9145645555289657,-0.41990312468246144,-0.524844185802529,0.8936224880110957,1
-1.7674120067697103,-0.19656398428381083,-1.0654678002340041,-1.2860691632709798,0.513978473773615,-0.3932594765741826,2.09298253061077,0.9145645555289657,-0.41990312468246144,0.7646992682577389,-1.119040773275156,1
1.3972940380777765,0.27166357215909254,1.2288170923818145,0.7304901092788503,-1.2912612649641573,1.6599994613131277,0.017640408041835955,-0.7965010301192396,-1.350952181628052,0.7646992682577389,-1.119040773275156,1
0.6503827078790445,1.938964890909869,2.7267386338417294,1.0835577260215814,0.8919709100436176,-0.030919664005833864,-1.020030653242631,0.05903176270486304,-0.41990312468246144,-0.524844185802529,0.8936224880110957,1
-0.9940433269999064,0.8772752619295542,-0.5535199316337801,-1.0212684507139314,-0.5743790582451863,-0.3932594765741826,-1.020030653242631,-0.7965010301192396,-0.41990312468246144,-0.524844185802529,0.8936224880110957,0
-0.736592963866011,0.8679294025195153,0.4324537412259107,0.47926892044267616,1.3025489011644826,-0.9971591641880975,-1.020030653242631,1.7700973483530684,-0.41990312468246144,-0.524844185802529,0.8936224880110957,1
-0.21965705686198447,0.4053093617226363,-0.25014341690772113,-1.3403872581544767,0.03822937295102546,-0.9971591641880975,1.055311469326303,0.05903176270486304,-0.41990312468246144,-0.524844185802529,0.8936224880110957,1
1.3586256040892868,-1.199374698980886,1.2667391567225728,1.25330177253251,0.3249822556386132,0.9353198361764303,0.017640408041835955,0.05903176270486304,-0.41990312468246144,2.054242722318007,0.8936224880110957,1
-1.015412724730388,1.5520463113342964,0.06271361390352695,0.8255467753249702,-0.5548277253346692,-0.15169960152861695,-1.020030653242631,0.05903176270486304,1.4421949892087198,-0.524844185802529,-1.119040773275156,1
1.6059000635419995,0.15297115765161054,0.9633626419965138,0.22125796974606493,-0.3202117304084604,-1.9633986643703614,1.055311469326303,0.05903176270486304,0.5111459322631292,-0.524844185802529,-1.119040773275156,1
0.6849807803950624,1.0090518796110894,1.2098560602114363,0.24841701718781348,1.048381573327757,-1.9633986643703614,-1.020030653242631,-0.7965010301192396,0.5111459322631292,2.054242722318007,0.8936224880110957,1
0.43058318836552173,-0.227405320336936,-0.5819614798893483,0.23483749346693922,0.2141913691456812,0.8145398986536466,-1.020030653242631,0.9145645555289657,-0.41990312468246144,-0.524844185802529,0.8936224880110957,1
-0.3122577803607369,-0.5040427588740597,-0.40183167427075056,-0.8718936897843143,0.14902025944395658,0.3314201485625154,0.017640408041835955,0.9145645555289657,-0.41990312468246144,-0.524844185802529,-1.119040773275156,1
0.9505718664739029,1.3155960682603354,1.276219672807762,0.22125796974606493,-0.274591953617253,-0.3932594765741826,-1.020030653242631,0.05903176270486304,-1.350952181628052,-0.524844185802529,-1.119040773275156,1
-0.6500977825759678,-1.0171304404851451,-0.8758574785302172,-0.1453891707175405,0.8789366881032725,-0.15169960152861695,0.017640408041835955,1.7700973483530684,-0.41990312468246144,-0.524844185802529,0.8936224880110957,1
-0.78136694006321,0.5623197998112737,-0.39235115818556143,-0.3287127409493432,0.25329403496671654,1.9015593363586938,0.017640408041835955,-0.7965010301192396,-0.41990312468246144,-0.524844185802529,0.8936224880110957,1
1.0065393367204016,-2.389102601878721,-0.32598754558923587,0.09904225625819646,0.5921838054156847,-0.7555992891425318,-1.020030653242631,-0.7965010301192396,0.5111459322631292,-0.524844185802529,0.8936224880110957,1
0.1812735481765715,1.692234202484866,0.9633626419965138,1.260091534392947,-0.007390403840181965,0.572980023608081,-1.020030653242631,0.05903176270486304,-0.41990312468246144,-0.524844185802529,0.8936224880110957,1
0.34408800707547843,-1.2928332930812658,-0.8853379946154064,0.5946948720701075,-1.0175426042169136,1.4184395862675616,0.017640408041835955,0.9145645555289657,2.3732440461543107,-0.524844185802529,-1.119040773275156,1
-1.225036340562729,1.1641931458177195,0.7168692237815905,1.5724205799730553,0.7290431357893061,0.9353198361764303,2.09298253061077,-1.6520338229433422,-0.41990312468246144,-0.524844185802529,-1.119040773275156,1
-0.0181741639745878,-1.3461046917184822,-1.1697534771710871,-0.26081512234497184,-1.2000217113817429,0.45220008608529794,2.09298253061077,0.05903176270486304,-0.41990312468246144,-0.524844185802529,0.8936224880110957,1
0.7704583713169885,0.9193316292747253,1.1529729637003,1.748954388344421,0.09036626071240497,-0.9971591641880975,-1.020030653242631,0.05903176270486304,1.4421949892087198,2.054242722318007,-1.119040773275156,1
0.808109214937361,0.889424879162603,0.9064795454853773,0.42495082555917907,-0.21593795488570094,0.3314201485625154,-1.020030653242631,2.625630141177171,-0.41990312468246144,-0.524844185802529,-1.119040773275156,1
-0.18607657471408526,0.2660560565130695,-0.3544290938448041,-0.10465059955491768,-0.906751717723982,1.0560997736992128,-1.020030653242631,0.05903176270486304,1.4421949892087198,-0.524844185802529,0.8936224880110957,1
-0.7599975423327292,-0.49750065728703374,-1.1223508967451397,-1.2181715446666084,-0.47010528272242685,1.297659648744779,0.017640408041835955,-1.6520338229433422,-1.350952181628052,0.7646992682577389,-1.119040773275156,0
1.4441031950112129,1.0473699031922448,0.1290772264998517,-0.6410417865294515,-0.8089950531713951,1.5392195237903452,0.017640408041835955,-0.7965010301192396,0.5111459322631292,0.7646992682577389,0.8936224880110957,1
0.8661118659200956,1.5127937018121367,1.5321936071078734,0.8594955846271559,0.6638720260875814,-0.3932594765741826,-1.020030653242631,0.9145645555289657,-0.41990312468246144,2.054242722318007,0.8936224880110957,1
-1.4082026068239988,0.5099829871150608,-0.7810523176783243,0.4113713018383048,0.611735138326202,0.9353198361764303,0.017640408041835955,0.05903176270486304,-0.41990312468246144,-0.524844185802529,0.8936224880110957,1
1.4430856046430942,-1.3750768558895996,1.7692065092376068,0.47926892044267616,1.3351344560153449,-1.2387190392336636,1.055311469326303,0.05903176270486304,-0.41990312468246144,0.7646992682577389,0.8936224880110957,1
-0.8749852539300812,0.32306579891430115,0.49881735382223624,0.41816106369874195,-1.2977783759343298,0.45220008608529794,0.017640408041835955,-0.7965010301192396,-0.41990312468246144,4.633329630438543,0.8936224880110957,0
0.7185612625429616,1.4866252954640302,1.9398557987710146,1.1786143920677015,0.5204955847437871,0.08986027351694922,-1.020030653242631,-1.6520338229433422,-0.41990312468246144,-0.524844185802529,0.8936224880110957,1
0.7877574075749975,0.11932606377547386,0.2333629034369347,0.17372963672300498,-0.21593795488570094,-0.6348193516197488,0.017640408041835955,2.625630141177171,0.5111459322631292,0.7646992682577389,-1.119040773275156,1
-0.8068066992661641,-0.933952291735807,-2.3453374717345636,-1.062007021876554,-0.8415806080222574,-1.7218387893247955,-1.020030653242631,-1.6520338229433422,1.4421949892087198,-0.524844185802529,-1.119040773275156,0
0.7083853588617806,0.7361527848379801,0.8780379972298099,0.2823658264899992,0.03171226198085244,-0.15169960152861695,-1.020030653242631,0.05903176270486304,2.3732440461543107,-0.524844185802529,-1.119040773275156,1
1.0197680115059387,-1.7563879198191492,-0.8663769624450282,0.6829617762557904,0.7355602467594782,-0.6348193516197488,2.09298253061077,0.05903176270486304,1.4421949892087198,-0.524844185802529,0.8936224880110957,1
1.7341164499248887,0.7090497925488707,-0.022611030863177756,-0.016383695369234886,0.8593853551927554,0.572980023608081,-1.020030653242631,-0.7965010301192396,-0.41990312468246144,-0.524844185802529,-1.119040773275156,1
0.8040388534648877,-0.03581520243115632,-0.022611030863177756,0.5946948720701075,-1.428120595337779,-0.5140394140969656,0.017640408041835955,0.05903176270486304,-1.350952181628052,-0.524844185802529,-1.119040773275156,1
-2.231433214631592,-1.5003113719841088,-1.6248182492601746,-2.3520617753596103,-0.4114512839908748,1.0560997736992128,-1.020030653242631,0.9145645555289657,-0.41990312468246144,0.7646992682577389,0.8936224880110957,0
0.6076439124180816,1.5567192410393151,1.276219672807762,0.9409727269524015,0.2272255910860263,-0.5140394140969656,-1.020030653242631,-0.7965010301192396,-0.41990312468246144,-0.524844185802529,-1.119040773275156,1
-0.4486148896885711,1.4744756782309811,0.4893368377370463,1.2261427250907613,-0.6721357227977733,-0.3932594765741826,0.017640408041835955,0.05903176270486304,0.5111459322631292,0.7646992682577389,0.8936224880110957,1
-0.9624980255882432,0.788489597534193,0.27128496777769207,1.3890970097412527,-0.9719228274257067,1.5392195237903452,1.055311469326303,-0.7965010301192396,0.5111459322631292,-0.524844185802529,-1.119040773275156,1
1.4654725927416936,0.9034436682776605,1.1340119315299215,1.5724205799730553,0.8202826893717209,0.2106402110397323,0.017640408041835955,-0.7965010301192396,-1.350952181628052,-0.524844185802529,-1.119040773275156,1
-0.2369560931199934,-0.19469481240180228,-0.49663683512264445,-1.3743360674566625,-0.13121551227345912,-0.030919664005833864,0.017640408041835955,-0.7965010301192396,0.5111459322631292,-0.524844185802529,0.8936224880110957,1
-0.6490801922078491,0.08381179801732862,1.1434924476151107,0.866285346487593,-0.8872003848134644,0.45220008608529794,0.017640408041835955,0.05903176270486304,0.5111459322631292,-0.524844185802529,0.8936224880110957,1
-0.38348910612900866,-0.8348861819894041,0.9538821259113247,0.24841701718781348,0.45532447504206247,-1.9633986643703614,0.017640408041835955,0.05903176270486304,0.5111459322631292,2.054242722318007,0.8936224880110957,1
-2.303682130767982,-0.23114366410095047,0.32816806428882767,-1.1842227353644226,0.6769062480279265,-0.15169960152861695,2.09298253061077,0.9145645555289657,-1.350952181628052,-0.524844185802529,0.8936224880110957,1
-0.640939469262904,1.5791493036234057,0.8021938685482943,-0.3898205976932775,0.25329403496671654,0.08986027351694922,-1.020030653242631,0.9145645555289657,-0.41990312468246144,-0.524844185802529,-1.119040773275156,1
0.6330836716210356,0.36044923655445366,-0.07001361128912426,-1.4761824953632194,-0.8546148299626021,0.8145398986536466,-1.020030653242631,0.05903176270486304,0.5111459322631292,-0.524844185802529,0.8936224880110957,1
0.7694407809488698,-1.4563858327569306,-0.31650702950404674,-0.5391953586228945,0.9897275745962045,1.297659648744779,-1.020030653242631,0.9145645555289657,1.4421949892087198,0.7646992682577389,-1.119040773275156,1
-0.31836332256944616,0.1922237671737702,-1.26455863802298,-0.6206725009481402,-1.0696794919782935,-0.2724795390513995,0.017640408041835955,0.9145645555289657,-0.41990312468246144,-0.524844185802529,0.8936224880110957,1
0.013371137437075482,-2.3330274454184927,-1.3972858632156304,-1.1434841642017997,-0.2680748426470805,0.6937599611308641,0.017640408041835955,-0.7965010301192396,0.5111459322631292,-0.524844185802529,-1.119040773275156,0
0.10698945130394664,-0.2993684377942281,0.6979081916112122,0.18730916044387924,0.9571420197453423,1.297659648744779,1.055311469326303,0.05903176270486304,-1.350952181628052,-0.524844185802529,0.8936224880110957,1
0.042881258112501396,-0.204975257752844,-0.4681952868670762,0.7033310618371017,-1.0110254932467415,0.8145398986536466,0.017640408041835955,1.7700973483530684,-0.41990312468246144,0.7646992682577389,-1.119040773275156,1
-0.9309527241765798,-1.096570245470468,-0.6862471568264304,-1.2317510683874826,-1.050128159067776,0.8145398986536466,-1.020030653242631,0.05903176270486304,-0.41990312468246144,0.7646992682577389,0.8936224880110957,0
-1.1446467014813941,0.97727595761696,0.3945316768851533,0.8323365371854073,1.2829975682539654,-0.3932594765741826,-1.020030653242631,0.9145645555289657,0.5111459322631292,-0.524844185802529,0.8936224880110957,1
0.8427072874533774,0.7716670505961241,-0.25014341690772113,1.1310860590446414,-0.4244855059312199,-0.6348193516197488,-1.020030653242631,-0.7965010301192396,0.5111459322631292,-0.524844185802529,0.8936224880110957,1
0.8864636732824591,0.04736294631818044,-0.20274083648177463,-0.9397913083886856,-0.28110906458742557,0.3314201485625154,1.055311469326303,-0.7965010301192396,-1.350952181628052,-0.524844185802529,0.8936224880110957,1
-0.7508392290196654,0.29315904880218024,0.972843158081703,0.3434736832339334,0.35756781048947556,1.9015593363586938,1.055311469326303,0.9145645555289657,-0.41990312468246144,-0.524844185802529,-1.119040773275156,1
1.6771313893102713,2.195041438744909,0.9064795454853773,-0.756467738156883,-1.753976143846402,1.9015593363586938,-1.020030653242631,1.7700973483530684,0.5111459322631292,-0.524844185802529,0.8936224880110957,1
-0.07414163422108647,1.4417651702958474,1.7976480574931741,-0.002804171648360612,0.12946892653343936,0.3314201485625154,-1.020030653242631,-0.7965010301192396,-0.41990312468246144,-0.524844185802529,-1.119040773275156,1
0.28812053682897976,-1.0012424794880803,-1.6058572170897965,-0.6817803576920743,-2.09286591429537,0.6937599611308641,1.055311469326303,-0.7965010301192396,0.5111459322631292,-0.524844185802529,0.8936224880110957,0
-0.1575840444067766,0.9875564029680016,1.2382976084670037,0.8119672516040959,0.9115222429541349,0.6937599611308641,0.017640408041835955,2.625630141177171,-0.41990312468246144,-0.524844185802529,-1.119040773275156,1
0.7623176483720433,0.27727108780511556,0.19544083909617732,-1.3675463055962254,-1.160919045560708,-0.6348193516197488,-1.020030653242631,0.05903176270486304,1.4421949892087198,-0.524844185802529,0.8936224880110957,1
-1.0744329660812413,0.3389537599113659,-0.31650702950404674,-0.7360984525755715,-0.6265159460065659,-1.2387190392336636,-1.020030653242631,-1.6520338229433422,1.4421949892087198,3.343786176378275,0.8936224880110957,0
-0.4007881423870176,0.5268055340531298,0.8401159328890517,0.4113713018383048,0.025195151010680348,0.9353198361764303,0.017640408041835955,-1.6520338229433422,0.5111459322631292,-0.524844185802529,0.8936224880110957,1
0.21180125922011753,-0.05824526501524833,1.0581678028484067,0.43853034928005336,-0.3984170620505297,0.08986027351694922,2.09298253061077,-0.7965010301192396,0.5111459322631292,0.7646992682577389,0.8936224880110957,1
1.3118164471558504,-0.11899335118049441,0.773752320292727,0.8798648702084673,0.4944271408630978,-1.4802789142792292,0.017640408041835955,0.05903176270486304,0.5111459322631292,-0.524844185802529,0.8936224880110957,1
-0.3234512744100367,0.31558911138627094,1.4847910266819262,-0.5120363111811459,0.5270126957139601,-0.7555992891425318,0.017640408041835955,0.05903176270486304,1.4421949892087198,-0.524844185802529,0.8936224880110957,1
-2.2039582746924022,0.676339284613737,-0.37339012601518234,0.3977917781174305,-1.0370939371274313,-0.030919664005833864,0.017640408041835955,-0.7965010301192396,1.4421949892087198,-0.524844185802529,-1.119040773275156,1
-1.2331770635076749,0.7286760973099499,-0.4776758029522653,-0.566354406064643,-2.3665845750426135,-2.32573847693871,0.017640408041835955,0.9145645555289657,1.4421949892087198,-0.524844185802529,-1.119040773275156,0
-0.44759729932045245,0.02586746967509404,-1.0180652198080575,0.3977917781174305,0.6638720260875814,-0.8763792266653144,0.017640408041835955,0.9145645555289657,1.4421949892087198,-0.524844185802529,0.8936224880110957,1
1.0737003010162014,2.1034520165265365,2.186349216985937,0.9206034413710902,0.1555373704141296,1.9015593363586938,-1.020030653242631,0.05903176270486304,-0.41990312468246144,-0.524844185802529,-1.119040773275156,1
1.1713889763555445,-0.25824665639006117,1.2382976084670037,1.4298355809038754,-0.6916870557082905,1.9015593363586938,-1.020030653242631,0.05903176270486304,2.3732440461543107,-0.524844185802529,-1.119040773275156,1
2.2357885014071424,-2.389102601878721,0.05323309781833698,-0.1997072656010376,-0.6851699447381184,0.45220008608529794,0.017640408041835955,-0.7965010301192396,0.5111459322631292,-0.524844185802529,-1.119040773275156,1
-1.6361428492824668,0.14642905606458326,-0.856896446359839,0.3095248739317477,0.3966704763105109,-1.3594989767564467,0.017640408041835955,0.9145645555289657,-0.41990312468246144,-0.524844185802529,0.8936224880110957,1
0.47230439345836606,0.5847498623953644,1.1245314154447323,-0.566354406064643,0.7942142454910307,0.45220008608529794,0.017640408041835955,-0.7965010301192396,1.4421949892087198,0.7646992682577389,0.8936224880110957,1
-0.2603606715867101,-0.36665862554650147,0.4324537412259107,-0.3083434553680318,0.12946892653343936,0.8145398986536466,-1.020030653242631,0.05903176270486304,0.5111459322631292,-0.524844185802529,0.8936224880110957,1
0.030670173695084426,-0.633015618732584,-0.40183167427075056,0.3366839213734963,-0.8220292751117397,0.8145398986536466,-1.020030653242631,1.7700973483530684,-1.350952181628052,-0.524844185802529,-1.119040773275156,1
-0.4771074199958798,1.5763455458003957,0.4608952894814789,-0.15896869443841477,-0.1377326232436312,1.0560997736992128,0.017640408041835955,-1.6520338229433422,-0.41990312468246144,-0.524844185802529,0.8936224880110957,1
-0.31327537072885564,-1.725546583766024,-0.21222135256696376,-0.13180964699666622,-0.5548277253346692,-0.2724795390513995,-1.020030653242631,-0.7965010301192396,1.4421949892087198,-0.524844185802529,0.8936224880110957,1
-0.6266932041092497,0.0053065789730105855,-0.7241692211671877,-0.4848772637393974,-0.16380106712432144,-0.030919664005833864,2.09298253061077,-0.7965010301192396,-0.41990312468246144,-0.524844185802529,-1.119040773275156,1
0.35019354928418767,-1.4975076141610975,-1.0844288324043823,0.09225249439775932,1.4003055657170695,-0.9971591641880975,1.055311469326303,0.9145645555289657,0.5111459322631292,-0.524844185802529,-1.119040773275156,1
-0.5361276613467331,-0.9423635652048415,-0.145857739970639,0.3502634450943706,1.035347351387412,0.572980023608081,0.017640408041835955,0.9145645555289657,1.4421949892087198,3.343786176378275,0.8936224880110957,0
0.0001424626515383799,0.7380219567199874,0.32816806428882767,-1.0484274981556798,-0.3593143962294953,-0.5140394140969656,0.017640408041835955,0.05903176270486304,-1.350952181628052,-0.524844185802529,0.8936224880110957,1
0.6961742744443622,1.7492439448860977,2.7267386338417294,2.2513967660167693,0.5465640286244773,0.08986027351694922,-1.020030653242631,0.05903176270486304,-0.41990312468246144,-0.524844185802529,0.8936224880110957,1
-0.6144821196918312,1.2707359430921525,0.5177783859926145,0.6829617762557904,0.6964575809384438,0.45220008608529794,0.017640408041835955,-0.7965010301192396,-0.41990312468246144,-0.524844185802529,-1.119040773275156,1
1.6130231961188275,1.3305494433163958,1.5416741231930626,0.3638429688152448,0.9506249087751701,-1.1179391017108806,0.017640408041835955,-1.6520338229433422,0.5111459322631292,-0.524844185802529,-1.119040773275156,1
-1.2311418827714382,-0.10964749177045696,0.015311033477579613,-0.19291750374060046,0.45532447504206247,-0.3932594765741826,-1.020030653242631,0.05903176270486304,-0.41990312468246144,-0.524844185802529,0.8936224880110957,1
-0.8994074227649173,0.017456196206059538,0.470375805566668,0.126201303699945,0.305430922728096,0.45220008608529794,0.017640408041835955,-0.7965010301192396,1.4421949892087198,-0.524844185802529,-1.119040773275156,1
0.7155084914386071,1.5754109598593913,1.2098560602114363,0.1397808274208193,-0.48965661563294455,0.08986027351694922,0.017640408041835955,-0.7965010301192396,-0.41990312468246144,-0.524844185802529,0.8936224880110957,1
0.9526070472101388,1.4062509045377036,1.5227130910226843,-0.6749905958316372,0.03822937295102546,-0.2724795390513995,2.09298253061077,2.625630141177171,0.5111459322631292,0.7646992682577389,0.8936224880110957,1
1.0391022285001836,-0.528341993340159,0.6505056111852648,-0.16575845629885191,0.7160089138489609,0.8145398986536466,0.017640408041835955,0.9145645555289657,-0.41990312468246144,-0.524844185802529,0.8936224880110957,1
0.06933860768357415,-1.0956356595294638,0.20492135518136645,-0.023173457229672026,0.931073575864652,-2.32573847693871,1.055311469326303,-1.6520338229433422,0.5111459322631292,-0.524844185802529,0.8936224880110957,1
-0.6378866981585494,0.5940957218054032,0.20492135518136645,-0.5731441679250802,-0.5808961692153589,-0.15169960152861695,-1.020030653242631,0.05903176270486304,1.4421949892087198,-0.524844185802529,0.8936224880110957,1
-1.622914174496931,0.15670950141562498,-2.487545213012404,-1.007688926993057,0.47487580795257966,0.45220008608529794,0.017640408041835955,1.7700973483530684,-0.41990312468246144,-0.524844185802529,0.8936224880110957,0
1.1581603015700088,0.8212001054693254,0.8685574811446192,1.2736710581138213,0.6769062480279265,-0.15169960152861695,-1.020030653242631,0.9145645555289657,-0.41990312468246144,0.7646992682577389,0.8936224880110957,1
0.4926562008207296,0.6492362923246275,0.6884276755260222,0.7304901092788503,0.2272255910860263,1.297659648744779,1.055311469326303,-0.7965010301192396,-0.41990312468246144,-0.524844185802529,0.8936224880110957,1
1.6160759672231821,0.6950310034338132,0.982323674166892,-0.11823012327579195,1.5762675619117261,-1.6010588518020124,0.017640408041835955,0.9145645555289657,-1.350952181628052,-0.524844185802529,-1.119040773275156,1
-0.7070828431905837,-1.4937692703970822,-1.0939093484895723,0.7304901092788503,0.06429781683171475,0.2106402110397323,0.017640408041835955,0.05903176270486304,-0.41990312468246144,-0.524844185802529,0.8936224880110957,1
-0.1931997072909117,-0.06665653848428284,-0.2691044490781002,-0.07070179025273199,-1.8843183632498515,0.08986027351694922,1.055311469326303,0.05903176270486304,-0.41990312468246144,-0.524844185802529,-1.119040773275156,1
1.739204401765479,-0.34142480513939927,-0.657805608570863,-0.661411072110763,-0.03345884772087218,-0.2724795390513995,2.09298253061077,0.05903176270486304,2.3732440461543107,0.7646992682577389,0.8936224880110957,1
-0.197270068763385,1.0576503485432864,1.389985865830033,-0.10465059955491768,0.2076742581755091,-0.2724795390513995,0.017640408041835955,-0.7965010301192396,-0.41990312468246144,-0.524844185802529,0.8936224880110957,1
1.3087636760514958,0.12867192318551132,2.1294661204748007,1.2872505818346955,1.3807542328065523,0.2106402110397323,0.017640408041835955,-0.7965010301192396,-0.41990312468246144,-0.524844185802529,0.8936224880110957,1
-0.8943194709243261,-1.572274489441401,-1.8144285709639614,-1.3743360674566625,0.7681458016103405,-1.2387190392336636,-1.020030653242631,0.9145645555289657,-0.41990312468246144,-0.524844185802529,0.8936224880110957,0
0.9821171678855661,-1.5330218799192419,-2.1178050856900206,-1.7138241604785194,-1.173953267501053,0.8145398986536466,-1.020030653242631,-0.7965010301192396,-0.41990312468246144,-0.524844185802529,-1.119040773275156,0
0.1853439096490448,0.8903594651036074,1.6269987679597664,2.2649762897376435,-1.2065388223519153,0.8145398986536466,0.017640408041835955,0.05903176270486304,0.5111459322631292,0.7646992682577389,-1.119040773275156,1
-0.5666553723902776,0.36044923655445366,-1.0654678002340041,0.41816106369874195,0.09688337168257706,0.45220008608529794,2.09298253061077,0.9145645555289657,-1.350952181628052,0.7646992682577389,0.8936224880110957,1
-1.3491823654731447,-1.1003085892344833,-1.359363798874873,-0.2879741697867204,1.230860680492586,-0.030919664005833864,0.017640408041835955,-0.7965010301192396,-1.350952181628052,-0.524844185802529,0.8936224880110957,1
-1.6371604396505854,1.1370901535286102,-1.2740391541081693,0.8323365371854073,0.05778070586154266,-0.7555992891425318,1.055311469326303,-0.7965010301192396,2.3732440461543107,-0.524844185802529,-1.119040773275156,1
-2.4715845415074784,0.3997018460766133,-1.0844288324043823,0.5471665390470476,-0.6591015008574282,0.572980023608081,-1.020030653242631,0.05903176270486304,-1.350952181628052,-0.524844185802529,0.8936224880110957,1
1.688324883359571,0.6417596047965973,1.8924532183450673,0.20088868416475353,-0.09862995742259681,0.8145398986536466,-1.020030653242631,-0.7965010301192396,1.4421949892087198,3.343786176378275,-1.119040773275156,1
0.8610239140795051,1.868870945334584,1.7312844448968485,1.3076198674160069,-0.2876261755575981,0.08986027351694922,0.017640408041835955,1.7700973483530684,-0.41990312468246144,-0.524844185802529,-1.119040773275156,1
0.19551981333022583,-0.227405320336936,1.171933995870678,-0.6206725009481402,1.2699633463136202,0.3314201485625154,0.017640408041835955,0.05903176270486304,-1.350952181628052,-0.524844185802529,0.8936224880110957,1
0.48553306824390313,-0.09002118700937779,-1.9281947639862336,-0.7428882144360086,0.044746483921197545,-0.8763792266653144,-1.020030653242631,0.05903176270486304,0.5111459322631292,-0.524844185802529,0.8936224880110957,0
1.020785601874056,1.03148194219518,0.3376485803740177,1.0428191548589587,-0.16380106712432144,-0.9971591641880975,1.055311469326303,0.9145645555289657,-1.350952181628052,-0.524844185802529,-1.119040773275156,1
0.05407475216180113,0.36792592408248387,0.8875185133149991,0.9817112981150243,0.611735138326202,-0.15169960152861695,-1.020030653242631,-0.7965010301192396,0.5111459322631292,-0.524844185802529,-1.119040773275156,1
-1.334936100319491,-0.22086321874990875,0.252323935607313,-0.7700472618777572,0.7355602467594782,0.8145398986536466,0.017640408041835955,0.05903176270486304,1.4421949892087198,-0.524844185802529,-1.119040773275156,1
0.635118852357273,0.15016739982859903,0.574661482503751,0.7508593948601617,1.8499862226589698,0.45220008608529794,-1.020030653242631,-0.7965010301192396,-0.41990312468246144,-0.524844185802529,0.8936224880110957,1
0.5353949962816926,-1.2834874336712276,-0.8758574785302172,-0.3287127409493432,-1.232607266232605,-0.7555992891425318,-1.020030653242631,-0.7965010301192396,0.5111459322631292,2.054242722318007,-1.119040773275156,0
-0.07108886311673186,1.8109266169923481,-0.032091546948366884,0.0718832088164479,-0.8089950531713951,-1.1179391017108806,-1.020030653242631,0.05903176270486304,-1.350952181628052,-0.524844185802529,-1.119040773275156,1
0.5028321045019121,0.4735341354159126,0.14803825867023082,0.19409892230431638,-0.7698923873503603,-0.15169960152861695,1.055311469326303,-0.7965010301192396,-0.41990312468246144,3.343786176378275,-1.119040773275156,0
-1.033729351356515,-0.08347908542235051,2.063102507878477,0.126201303699945,1.2960317901943106,1.7807793988359113,-1.020030653242631,-1.6520338229433422,0.5111459322631292,-0.524844185802529,-1.119040773275156,1
0.7806342749981695,-1.0199341983081567,0.10063567824428432,-0.6682008339712001,0.27936247884740584,1.9015593363586938,0.017640408041835955,0.05903176270486304,-1.350952181628052,-0.524844185802529,0.8936224880110957,1
0.9281848783753034,-1.4816196531640327,0.7547912881223479,2.0273346246223434,-1.278227043023812,-1.1179391017108806,-1.020030653242631,1.7700973483530684,1.4421949892087198,-0.524844185802529,-1.119040773275156,1
0.8874812636505763,-0.7675959942371308,1.2288170923818145,2.163129861831086,1.1200697939996538,0.08986027351694922,0.017640408041835955,-0.7965010301192396,1.4421949892087198,-0.524844185802529,-1.119040773275156,1
-0.4893185044132968,0.2529718533390163,0.49881735382223624,-0.9533708321095599,0.9701762416856874,-2.0841786018931443,-1.020030653242631,0.9145645555289657,0.5111459322631292,-0.524844185802529,0.8936224880110957,1
2.35382898410885,1.0810149970683816,1.4184274140856006,2.5161974785738175,1.5893017838520713,1.1768797112219964,2.09298253061077,-0.7965010301192396,-0.41990312468246144,-0.524844185802529,-1.119040773275156,1
0.6402068041978635,0.5436280809911975,1.4563494784263586,1.5316820088104326,-0.9588886054853616,0.3314201485625154,-1.020030653242631,-0.7965010301192396,0.5111459322631292,-0.524844185802529,0.8936224880110957,1
0.7765639135256976,-0.5535758137472611,-0.20274083648177463,2.292135337179392,-1.6301510354131254,1.4184395862675616,-1.020030653242631,0.05903176270486304,-0.41990312468246144,0.7646992682577389,-1.119040773275156,1
0.02863499295884706,-0.7853531271162034,1.7502454770672284,2.719890334386932,-0.49617372660311665,-0.7555992891425318,0.017640408041835955,0.9145645555289657,0.5111459322631292,0.7646992682577389,-1.119040773275156,1
-1.327812967742664,-1.6218075443146025,-1.6342987653453638,0.3570532069548077,-0.7242726105591528,0.8145398986536466,0.017640408041835955,0.05903176270486304,0.5111459322631292,3.343786176378275,0.8936224880110957,0
0.2514872835767245,-0.7722689239421502,-1.255078121937791,-0.6749905958316372,-0.7112383886188082,-0.2724795390513995,1.055311469326303,0.9145645555289657,-0.41990312468246144,0.7646992682577389,0.8936224880110957,0
0.8813757214418686,-0.5096502745200827,-0.6293640603152948,-1.0008991651326198,0.3966704763105109,-2.2049585394159275,0.017640408041835955,-0.7965010301192396,0.5111459322631292,-0.524844185802529,0.8936224880110957,0
